0,state,lat,long,country
1,AK,70.0187,-141.0205,US
2,AK,70.1292,-141.7291,US
3,AK,70.4515,-144.8163,US
4,AK,70.7471,-148.4583,US
5,AK,70.7923,-151.1609,US
6,AK,71.147,-152.6221,US
7,AK,71.1185,-153.9954,US
8,AK,71.4307,-154.8853,US
9,AK,71.5232,-156.7529,US
10,AK,71.2796,-157.9449,US
11,AK,71.2249,-159.6313,US
12,AK,70.6363,-161.8671,US
13,AK,70.0843,-163.5809,US
14,AK,69.3028,-165.2399,US
15,AK,69.1782,-166.8768,US
16,AK,68.3344,-168.0414,US
17,AK,67.6844,-165.9155,US
18,AK,67.2933,-164.6082,US
19,AK,66.7789,-164.0149,US
20,AK,66.581,-165.7507,US
21,AK,66.2867,-167.5745,US
22,AK,66.0269,-168.9862,US
23,AK,65.497,-168.9478,US
24,AK,65.042,-167.4756,US
25,AK,64.3922,-167.0142,US
26,AK,64.0554,-165.7343,US
27,AK,64.0193,-163.2294,US
28,AK,63.9615,-162.1143,US
29,AK,63.6877,-163.6029,US
30,AK,63.453,-165.3717,US
31,AK,62.4133,-166.3715,US
32,AK,61.6534,-166.9867,US
33,AK,60.8556,-166.4429,US
34,AK,60.5357,-167.8381,US
35,AK,59.5482,-167.7118,US
36,AK,59.4115,-165.8002,US
37,AK,59.3696,-164.5972,US
38,AK,59.1168,-162.8558,US
39,AK,58.1185,-162.5427,US
40,AK,58.1359,-160.6421,US
41,AK,58.0285,-159.505,US
42,AK,57.6336,-158.8953,US
43,AK,56.909,-159.906,US
44,AK,56.3926,-160.6531,US
45,AK,56.2342,-161.8835,US
46,AK,55.724,-162.9822,US
47,AK,55.2478,-164.3994,US
48,AK,54.7753,-165.3168,US
49,AK,54.1463,-167.1075,US
50,AK,53.5632,-168.5852,US
51,AK,53.1402,-169.9146,US
52,AK,52.5964,-169.5959,US
53,AK,52.9089,-168.2227,US
54,AK,54.2139,-162.7734,US
55,AK,54.6786,-159.1452,US
56,AK,55.6567,-155.4634,US
57,AK,57.351,-152.14,US
58,AK,59.2209,-150.8203,US
59,AK,59.7695,-147.4461,US
60,AK,60.3521,-145.985,US
61,AK,59.8917,-144.1544,US
62,AK,59.8172,-141.6811,US
63,AK,59.5225,-140.5124,US
64,AK,59.0292,-138.8548,US
65,AK,57.9032,-136.8526,US
66,AK,56.9157,-136.0725,US
67,AK,56.1555,-134.9794,US
68,AK,55.3237,-134.0057,US
69,AK,54.6341,-133.6418,US
70,AK,54.7135,-130.6261,US
71,AK,55.2869,-129.993,US
72,AK,55.9869,-130.0108,US
73,AK,56.1057,-130.1083,US
74,AK,56.6086,-131.5887,US
75,AK,57.8404,-132.8755,US
76,AK,58.7276,-133.8423,US
77,AK,59.3108,-134.9121,US
78,AK,59.802,-135.4724,US
79,AK,59.6039,-136.3445,US
80,AK,59.1619,-136.8251,US
81,AK,59.2441,-137.6079,US
82,AK,60.0902,-139.2119,US
83,AK,60.3575,-139.0938,US
84,AK,60.1866,-140.0056,US
85,AK,60.3059,-140.9999,US
86,AK,70.0187,-141.0205,US
87,AL,35.0041,-88.1955,US
88,AL,34.9918,-85.6068,US
89,AL,32.8404,-85.1756,US
90,AL,32.2593,-84.8927,US
91,AL,32.1535,-85.0342,US
92,AL,31.7947,-85.1358,US
93,AL,31.52,-85.0438,US
94,AL,31.3384,-85.0836,US
95,AL,31.2093,-85.107,US
96,AL,31.0023,-84.9944,US
97,AL,30.9953,-87.6009,US
98,AL,30.9423,-87.5926,US
99,AL,30.8539,-87.6256,US
100,AL,30.6745,-87.4072,US
101,AL,30.4404,-87.3688,US
102,AL,30.1463,-87.524,US
103,AL,30.1546,-88.3864,US
104,AL,31.8939,-88.4743,US
105,AL,34.8938,-88.1021,US
106,AL,34.9479,-88.1721,US
107,AL,34.9107,-88.1461,US
108,AR,33.0225,-94.0416,US
109,AR,33.0075,-91.2057,US
110,AR,33.118,-91.1989,US
111,AR,33.1824,-91.1041,US
112,AR,33.3053,-91.1343,US
113,AR,33.4211,-91.1646,US
114,AR,33.4337,-91.2263,US
115,AR,33.5403,-91.2524,US
116,AR,33.6112,-91.1797,US
117,AR,33.6855,-91.2524,US
118,AR,33.6946,-91.1261,US
119,AR,33.7883,-91.1412,US
120,AR,33.77,-91.0451,US
121,AR,33.8328,-91.0341,US
122,AR,33.9399,-91.0863,US
123,AR,34.0208,-90.9256,US
124,AR,34.0856,-90.9036,US
125,AR,34.1345,-90.9586,US
126,AR,34.1675,-90.9132,US
127,AR,34.138,-90.8501,US
128,AR,34.2311,-90.9325,US
129,AR,34.3446,-90.6935,US
130,AR,34.4409,-90.5603,US
131,AR,34.5348,-90.5548,US
132,AR,34.5959,-90.5768,US
133,AR,34.7213,-90.5301,US
134,AR,34.7574,-90.5328,US
135,AR,34.878,-90.4546,US
136,AR,34.8454,-90.3529,US
137,AR,34.869,-90.2911,US
138,AR,35.0255,-90.3104,US
139,AR,35.1154,-90.2843,US
140,AR,35.1323,-90.1772,US
141,AR,35.1985,-90.1112,US
142,AR,35.2826,-90.1524,US
143,AR,35.4383,-90.1332,US
144,AR,35.5579,-90.0206,US
145,AR,35.674,-89.978,US
146,AR,35.7287,-89.9547,US
147,AR,35.9169,-89.6594,US
148,AR,35.9658,-89.6883,US
149,AR,36.0013,-89.713,US
150,AR,35.9958,-90.3735,US
151,AR,36.1268,-90.2664,US
152,AR,36.2875,-90.0934,US
153,AR,36.3892,-90.0742,US
154,AR,36.418,-90.1511,US
155,AR,36.4997,-90.1566,US
156,AR,36.4986,-94.6198,US
157,AR,35.3801,-94.4412,US
158,AR,33.6318,-94.4893,US
159,AR,33.6421,-94.4522,US
160,AR,33.5597,-94.4,US
161,AR,33.5883,-94.2462,US
162,AR,33.5872,-94.1885,US
163,AR,33.5345,-94.0375,US
164,AR,33.4314,-94.043,US
165,AR,33.0213,-94.043,US
166,AZ,36.9993,-112.5989,US
167,AZ,37.0004,-110.863,US
168,AZ,37.0004,-109.0475,US
169,AZ,31.3325,-109.0503,US
170,AZ,31.3325,-111.0718,US
171,AZ,32.4935,-114.8126,US
172,AZ,32.5184,-114.8099,US
173,AZ,32.5827,-114.8044,US
174,AZ,32.6246,-114.7992,US
175,AZ,32.67,-114.7474,US
176,AZ,32.7457,-114.7014,US
177,AZ,32.7342,-114.6176,US
178,AZ,32.7422,-114.5819,US
179,AZ,32.7584,-114.5393,US
180,AZ,32.8167,-114.5095,US
181,AZ,32.845,-114.4696,US
182,AZ,32.9107,-114.4817,US
183,AZ,32.9741,-114.4803,US
184,AZ,33.0317,-114.5256,US
185,AZ,33.0259,-114.6094,US
186,AZ,33.0317,-114.6588,US
187,AZ,33.0904,-114.7096,US
188,AZ,33.2065,-114.6849,US
189,AZ,33.2846,-114.722,US
190,AZ,33.3546,-114.6973,US
191,AZ,33.4051,-114.7258,US
192,AZ,33.412,-114.6533,US
193,AZ,33.5016,-114.5888,US
194,AZ,33.5317,-114.5599,US
195,AZ,33.6306,-114.5187,US
196,AZ,33.6786,-114.5297,US
197,AZ,33.7083,-114.494,US
198,AZ,33.7609,-114.5036,US
199,AZ,33.8157,-114.5284,US
200,AZ,33.8545,-114.5325,US
201,AZ,33.9285,-114.538,US
202,AZ,33.953,-114.5235,US
203,AZ,34.0049,-114.4748,US
204,AZ,34.0299,-114.4308,US
205,AZ,34.0891,-114.4363,US
206,AZ,34.1357,-114.3526,US
207,AZ,34.172,-114.2908,US
208,AZ,34.2044,-114.2255,US
209,AZ,34.2595,-114.1685,US
210,AZ,34.2572,-114.1301,US
211,AZ,34.3037,-114.1397,US
212,AZ,34.3664,-114.2276,US
213,AZ,34.4012,-114.2633,US
214,AZ,34.4534,-114.3388,US
215,AZ,34.493,-114.3608,US
216,AZ,34.5292,-114.3811,US
217,AZ,34.5959,-114.4377,US
218,AZ,34.6547,-114.4569,US
219,AZ,34.7506,-114.5297,US
220,AZ,34.8172,-114.5847,US
221,AZ,34.8724,-114.6341,US
222,AZ,34.949,-114.6313,US
223,AZ,35.0342,-114.6351,US
224,AZ,35.1019,-114.6451,US
225,AZ,35.1233,-114.619,US
226,AZ,35.1716,-114.5682,US
227,AZ,35.3364,-114.5984,US
228,AZ,35.4506,-114.6643,US
229,AZ,35.578,-114.6753,US
230,AZ,35.6171,-114.6547,US
231,AZ,35.6528,-114.6918,US
232,AZ,35.7053,-114.7028,US
233,AZ,35.805,-114.7093,US
234,AZ,35.8679,-114.6602,US
235,AZ,35.9836,-114.7426,US
236,AZ,36.0891,-114.7536,US
237,AZ,36.1124,-114.6794,US
238,AZ,36.1423,-114.6327,US
239,AZ,36.1301,-114.4872,US
240,AZ,36.1445,-114.369,US
241,AZ,36.0746,-114.3038,US
242,AZ,36.0602,-114.3172,US
243,AZ,36.0163,-114.2451,US
244,AZ,36.0402,-114.1438,US
245,AZ,36.0979,-114.115,US
246,AZ,36.1101,-114.1274,US
247,AZ,36.119,-114.1054,US
248,AZ,36.1989,-114.0463,US
249,AZ,36.3638,-114.045,US
250,AZ,37.0001,-114.0508,US
251,CA,41.9983,-124.4009,US
252,CA,42.0024,-123.6237,US
253,CA,42.0126,-123.1526,US
254,CA,42.0075,-122.0073,US
255,CA,41.9962,-121.2369,US
256,CA,41.9983,-119.9982,US
257,CA,39.0021,-120.0037,US
258,CA,37.5555,-117.9575,US
259,CA,36.3594,-116.3699,US
260,CA,35.0075,-114.6368,US
261,CA,34.9659,-114.6382,US
262,CA,34.9107,-114.6286,US
263,CA,34.8758,-114.6382,US
264,CA,34.8454,-114.597,US
265,CA,34.789,-114.5682,US
266,CA,34.7269,-114.4968,US
267,CA,34.6648,-114.4501,US
268,CA,34.6581,-114.4597,US
269,CA,34.5869,-114.4322,US
270,CA,34.5235,-114.3787,US
271,CA,34.4601,-114.3869,US
272,CA,34.45,-114.3361,US
273,CA,34.4375,-114.3031,US
274,CA,34.4024,-114.2674,US
275,CA,34.3559,-114.1864,US
276,CA,34.3049,-114.1383,US
277,CA,34.2561,-114.1315,US
278,CA,34.2595,-114.1651,US
279,CA,34.2044,-114.2249,US
280,CA,34.1914,-114.2221,US
281,CA,34.172,-114.2908,US
282,CA,34.1368,-114.3237,US
283,CA,34.1186,-114.3622,US
284,CA,34.1118,-114.4089,US
285,CA,34.0856,-114.4363,US
286,CA,34.0276,-114.4336,US
287,CA,34.0117,-114.4652,US
288,CA,33.9582,-114.5119,US
289,CA,33.9308,-114.5366,US
290,CA,33.9058,-114.5091,US
291,CA,33.8613,-114.5256,US
292,CA,33.8248,-114.5215,US
293,CA,33.7597,-114.505,US
294,CA,33.7083,-114.494,US
295,CA,33.6832,-114.5284,US
296,CA,33.6363,-114.5242,US
297,CA,33.5895,-114.5393,US
298,CA,33.5528,-114.5242,US
299,CA,33.5311,-114.5586,US
300,CA,33.507,-114.5778,US
301,CA,33.4418,-114.6245,US
302,CA,33.4142,-114.6506,US
303,CA,33.4039,-114.7055,US
304,CA,33.3546,-114.6973,US
305,CA,33.3041,-114.7302,US
306,CA,33.2858,-114.7206,US
307,CA,33.2754,-114.6808,US
308,CA,33.2582,-114.6698,US
309,CA,33.2467,-114.6904,US
310,CA,33.172,-114.6794,US
311,CA,33.0904,-114.7083,US
312,CA,33.0858,-114.6918,US
313,CA,33.0328,-114.6629,US
314,CA,33.0501,-114.6451,US
315,CA,33.0305,-114.6286,US
316,CA,33.0282,-114.5888,US
317,CA,33.0351,-114.575,US
318,CA,33.0328,-114.5174,US
319,CA,32.9718,-114.4913,US
320,CA,32.9764,-114.4775,US
321,CA,32.9372,-114.4844,US
322,CA,32.8427,-114.4679,US
323,CA,32.8161,-114.5091,US
324,CA,32.785,-114.5311,US
325,CA,32.7573,-114.5284,US
326,CA,32.7503,-114.5641,US
327,CA,32.7353,-114.6162,US
328,CA,32.748,-114.6986,US
329,CA,32.7191,-114.722,US
330,CA,32.6868,-115.1944,US
331,CA,32.5121,-117.3395,US
332,CA,32.7838,-117.4823,US
333,CA,33.0501,-117.5977,US
334,CA,33.2341,-117.6814,US
335,CA,33.4578,-118.0591,US
336,CA,33.5403,-118.629,US
337,CA,33.7928,-118.7073,US
338,CA,33.9582,-119.3706,US
339,CA,34.1925,-120.005,US
340,CA,34.2561,-120.7164,US
341,CA,34.536,-120.9128,US
342,CA,34.9749,-120.8427,US
343,CA,35.2131,-121.1325,US
344,CA,35.5255,-121.322,US
345,CA,35.9691,-121.8013,US
346,CA,36.2808,-122.1446,US
347,CA,36.7268,-122.1721,US
348,CA,37.2227,-122.6871,US
349,CA,37.7783,-122.8903,US
350,CA,37.8965,-123.2378,US
351,CA,38.3449,-123.3202,US
352,CA,38.7423,-123.8338,US
353,CA,38.9946,-123.9793,US
354,CA,39.3088,-124.0329,US
355,CA,39.7642,-124.0823,US
356,CA,40.1663,-124.5314,US
357,CA,40.4658,-124.6509,US
358,CA,41.011,-124.3144,US
359,CA,41.2386,-124.3419,US
360,CA,41.717,-124.4545,US
361,CA,41.9983,-124.4009,US
362,CO,37.0004,-109.0448,US
363,CO,36.9949,-102.0424,US
364,CO,41.0006,-102.0534,US
365,CO,40.9996,-109.0489,US
366,CO,37.0004,-109.0448,US
367,CT,42.0498,-73.4875,US
368,CT,42.0511,-73.4247,US
369,CT,42.0371,-72.8146,US
370,CT,41.9983,-72.8174,US
371,CT,42.0044,-72.7638,US
372,CT,42.036,-72.7563,US
373,CT,42.0368,-72.6945,US
374,CT,42.0309,-72.6086,US
375,CT,42.0269,-72.6059,US
376,CT,42.0269,-72.5784,US
377,CT,42.035,-72.5729,US
378,CT,42.035,-72.4026,US
379,CT,42.0248,-71.7984,US
380,CT,41.6832,-71.7874,US
381,CT,41.4165,-71.7984,US
382,CT,41.3892,-71.8341,US
383,CT,41.3273,-71.8526,US
384,CT,41.3309,-71.8938,US
385,CT,41.3103,-71.9302,US
386,CT,41.2907,-72.0195,US
387,CT,41.2618,-72.0827,US
388,CT,41.1962,-72.4322,US
389,CT,41.0866,-73.0007,US
390,CT,41.0255,-73.2493,US
391,CT,40.9509,-73.6132,US
392,CT,40.983,-73.6606,US
393,CT,41.0338,-73.6723,US
394,CT,41.1011,-73.7272,US
395,CT,41.2153,-73.4834,US
396,CT,41.2953,-73.5507,US
397,CT,41.4906,-73.5329,US
398,CT,42.0493,-73.4875,US
399,DE,39.7188,-75.7919,US
400,DE,39.521,-75.7837,US
401,DE,38.9081,-75.7288,US
402,DE,38.5911,-75.7068,US
403,DE,38.46,-75.6944,US
404,DE,38.4482,-74.8608,US
405,DE,38.8654,-74.8526,US
406,DE,38.8451,-75.0504,US
407,DE,39.0565,-75.1678,US
408,DE,39.2525,-75.3236,US
409,DE,39.3662,-75.461,US
410,DE,39.4542,-75.5592,US
411,DE,39.4908,-75.5578,US
412,DE,39.5713,-75.5118,US
413,DE,39.6284,-75.5557,US
414,DE,39.8106,-75.3937,US
415,DE,39.8249,-75.4692,US
416,DE,39.8296,-75.6477,US
417,DE,39.7199,-75.7906,US
418,FL,30.9988,-87.605,US
419,FL,30.9964,-86.5613,US
420,FL,31.0035,-85.5313,US
421,FL,31.0012,-85.1193,US
422,FL,31.0023,-85.0012,US
423,FL,30.9364,-84.9847,US
424,FL,30.8845,-84.9367,US
425,FL,30.8409,-84.9271,US
426,FL,30.7902,-84.9257,US
427,FL,30.7489,-84.9147,US
428,FL,30.6993,-84.8611,US
429,FL,30.6911,-84.4272,US
430,FL,30.6509,-83.5991,US
431,FL,30.5895,-82.5595,US
432,FL,30.5682,-82.2134,US
433,FL,30.5315,-82.2134,US
434,FL,30.3883,-82.1997,US
435,FL,30.3598,-82.1544,US
436,FL,30.3598,-82.0638,US
437,FL,30.4877,-82.0226,US
438,FL,30.6308,-82.0473,US
439,FL,30.6757,-82.0514,US
440,FL,30.7111,-82.0377,US
441,FL,30.7371,-82.0514,US
442,FL,30.7678,-82.0102,US
443,FL,30.7914,-82.0322,US
444,FL,30.7997,-81.9717,US
445,FL,30.8244,-81.9608,US
446,FL,30.8056,-81.8893,US
447,FL,30.7914,-81.8372,US
448,FL,30.7796,-81.796,US
449,FL,30.7536,-81.6696,US
450,FL,30.7289,-81.6051,US
451,FL,30.7324,-81.5666,US
452,FL,30.7229,-81.5295,US
453,FL,30.7253,-81.4856,US
454,FL,30.7111,-81.4609,US
455,FL,30.7088,-81.4169,US
456,FL,30.7064,-81.2274,US
457,FL,30.4345,-81.2357,US
458,FL,30.316,-81.1725,US
459,FL,29.7763,-81.0379,US
460,FL,28.8603,-80.5861,US
461,FL,28.4771,-80.365,US
462,FL,28.1882,-80.3815,US
463,FL,27.1789,-79.9255,US
464,FL,26.8425,-79.8198,US
465,FL,26.1394,-79.9118,US
466,FL,25.5115,-79.9997,US
467,FL,24.8802,-80.3815,US
468,FL,24.5384,-80.8704,US
469,FL,24.3959,-81.925,US
470,FL,24.4496,-82.2066,US
471,FL,24.5484,-82.3137,US
472,FL,24.6982,-82.1997,US
473,FL,25.2112,-81.3977,US
474,FL,25.6019,-81.4622,US
475,FL,25.9235,-81.9456,US
476,FL,26.3439,-82.2876,US
477,FL,26.9098,-82.5307,US
478,FL,27.3315,-82.8342,US
479,FL,27.7565,-83.0182,US
480,FL,28.0574,-83.0017,US
481,FL,28.6098,-82.8548,US
482,FL,28.9697,-83.0264,US
483,FL,29.0478,-83.205,US
484,FL,29.4157,-83.5318,US
485,FL,29.9133,-83.9767,US
486,FL,29.893,-84.1072,US
487,FL,29.694,-84.4409,US
488,FL,29.4551,-85.0465,US
489,FL,29.4946,-85.361,US
490,FL,29.7262,-85.5807,US
491,FL,30.1594,-86.1946,US
492,FL,30.2175,-86.851,US
493,FL,30.1499,-87.5171,US
494,FL,30.3006,-87.4429,US
495,FL,30.4256,-87.375,US
496,FL,30.483,-87.3743,US
497,FL,30.5658,-87.3907,US
498,FL,30.6344,-87.4004,US
499,FL,30.6763,-87.4141,US
500,FL,30.7702,-87.5253,US
501,FL,30.8527,-87.6256,US
502,FL,30.947,-87.5912,US
503,FL,30.9682,-87.5912,US
504,FL,30.9964,-87.605,US
505,GA,34.9974,-85.6082,US
506,GA,34.9906,-84.7266,US
507,GA,34.9895,-84.158,US
508,GA,34.9996,-83.1088,US
509,GA,34.9287,-83.1418,US
510,GA,34.8318,-83.3025,US
511,GA,34.7281,-83.356,US
512,GA,34.6569,-83.308,US
513,GA,34.5744,-83.1528,US
514,GA,34.4839,-83.0072,US
515,GA,34.4681,-82.8918,US
516,GA,34.4443,-82.8589,US
517,GA,34.2674,-82.749,US
518,GA,34.1254,-82.6831,US
519,GA,34.014,-82.5952,US
520,GA,33.8647,-82.3988,US
521,GA,33.7563,-82.2505,US
522,GA,33.6695,-82.2217,US
523,GA,33.5963,-82.1558,US
524,GA,33.5036,-82.0432,US
525,GA,33.3707,-81.9484,US
526,GA,33.2077,-81.8303,US
527,GA,33.1674,-81.7795,US
528,GA,33.1456,-81.7424,US
529,GA,33.0881,-81.6078,US
530,GA,33.0075,-81.5034,US
531,GA,32.9418,-81.5089,US
532,GA,32.6914,-81.4142,US
533,GA,32.5815,-81.4087,US
534,GA,32.5283,-81.2769,US
535,GA,32.4576,-81.1945,US
536,GA,32.3185,-81.1642,US
537,GA,32.2151,-81.1436,US
538,GA,32.1128,-81.1134,US
539,GA,32.0477,-80.9225,US
540,GA,32.05,-80.696,US
541,GA,31.8881,-80.7289,US
542,GA,31.4697,-80.9665,US
543,GA,30.9988,-81.1011,US
544,GA,30.7041,-81.2288,US
545,GA,30.7241,-81.6023,US
546,GA,30.7713,-81.7657,US
547,GA,30.8221,-81.9498,US
548,GA,30.756,-82.0239,US
549,GA,30.6379,-82.0459,US
550,GA,30.4866,-82.0239,US
551,GA,30.4309,-82.0363,US
552,GA,30.3575,-82.061,US
553,GA,30.3598,-82.1585,US
554,GA,30.3859,-82.2025,US
555,GA,30.4842,-82.2148,US
556,GA,30.5682,-82.2162,US
557,GA,30.6131,-82.9688,US
558,GA,30.7041,-84.8639,US
559,GA,30.7831,-84.9257,US
560,GA,30.9117,-84.9586,US
561,GA,30.9741,-84.9985,US
562,GA,31.1282,-85.063,US
563,GA,31.2116,-85.107,US
564,GA,31.5247,-85.0493,US
565,GA,31.8006,-85.1358,US
566,GA,31.9592,-85.0919,US
567,GA,32.157,-85.0342,US
568,GA,32.25,-84.9023,US
569,GA,32.3974,-84.9628,US
570,GA,32.5468,-85.0342,US
571,GA,32.6949,-85.1001,US
572,GA,32.8138,-85.166,US
573,GA,32.9833,-85.2072,US
574,GA,33.6512,-85.3418,US
575,GA,34.562,-85.5231,US
576,GA,34.9929,-85.6068,US
577,HI,19.5158,-154.6284,US
578,HI,19.8894,-154.8235,US
579,HI,20.1849,-155.0391,US
580,HI,20.391,-155.5952,US
581,HI,20.8614,-155.793,US
582,HI,21.0948,-156.1858,US
583,HI,21.3597,-156.6595,US
584,HI,21.4748,-157.1182,US
585,HI,21.5515,-157.5247,US
586,HI,21.8832,-157.8186,US
587,HI,22.3386,-159.218,US
588,HI,22.3374,-159.7508,US
589,HI,22.1493,-160.1422,US
590,HI,21.8857,-160.3922,US
591,HI,21.6025,-160.3249,US
592,HI,21.7276,-159.9939,US
593,HI,21.6932,-159.4295,US
594,HI,21.1037,-158.1784,US
595,HI,20.8152,-157.4629,US
596,HI,20.6803,-157.2171,US
597,HI,20.3408,-156.8285,US
598,HI,20.2931,-156.5456,US
599,HI,20.1643,-156.1418,US
600,HI,19.9308,-156.2393,US
601,HI,19.2826,-156.1432,US
602,HI,18.9881,-156.1212,US
603,HI,18.71,-155.712,US
604,HI,18.8829,-155.3673,US
605,HI,19.2048,-154.8839,US
606,HI,19.5158,-154.6271,US
607,IA,40.5848,-95.7623,US
608,IA,40.5785,-93.5445,US
609,IA,40.6129,-91.7372,US
610,IA,40.5545,-91.6768,US
611,IA,40.5451,-91.6246,US
612,IA,40.3622,-91.4365,US
613,IA,40.4637,-91.3623,US
614,IA,40.5482,-91.4021,US
615,IA,40.6931,-91.1124,US
616,IA,40.8107,-91.1028,US
617,IA,40.9218,-90.9668,US
618,IA,41.1642,-91.0121,US
619,IA,41.2406,-91.1082,US
620,IA,41.4067,-91.0451,US
621,IA,41.451,-90.7086,US
622,IA,41.5178,-90.4793,US
623,IA,41.5908,-90.3419,US
624,IA,41.7457,-90.2788,US
625,IA,41.8164,-90.2074,US
626,IA,41.9023,-90.1538,US
627,IA,42.0962,-90.1744,US
628,IA,42.1441,-90.2692,US
629,IA,42.2905,-90.4298,US
630,IA,42.4093,-90.537,US
631,IA,42.5217,-90.64,US
632,IA,42.636,-90.7127,US
633,IA,42.6956,-90.7883,US
634,IA,42.7712,-91.0533,US
635,IA,42.8448,-91.0904,US
636,IA,42.9082,-91.1398,US
637,IA,43.0609,-91.1549,US
638,IA,43.1391,-91.1522,US
639,IA,43.2882,-91.0547,US
640,IA,43.3322,-91.2057,US
641,IA,43.414,-91.2236,US
642,IA,43.5008,-91.2305,US
643,IA,43.4998,-96.5973,US
644,IA,43.4818,-96.611,US
645,IA,43.3871,-96.5245,US
646,IA,43.2232,-96.5533,US
647,IA,43.1301,-96.4421,US
648,IA,42.9243,-96.5479,US
649,IA,42.7188,-96.6357,US
650,IA,42.6158,-96.5561,US
651,IA,42.5055,-96.4847,US
652,IA,42.4599,-96.3995,US
653,IA,42.3667,-96.405,US
654,IA,42.2722,-96.3446,US
655,IA,42.2051,-96.3625,US
656,IA,41.9983,-96.2416,US
657,IA,41.9513,-96.1372,US
658,IA,41.7662,-96.0741,US
659,IA,41.6267,-96.0988,US
660,IA,41.4561,-95.9477,US
661,IA,41.2819,-95.8804,US
662,IA,41.0338,-95.8653,US
663,IA,40.8346,-95.8365,US
664,IA,40.6775,-95.8461,US
665,IA,40.5837,-95.761,US
666,ID,49,-117.0319,US
667,ID,49.0018,-116.0486,US
668,ID,47.9752,-116.0445,US
669,ID,47.5765,-115.6915,US
670,ID,47.5487,-115.7574,US
671,ID,47.4239,-115.7595,US
672,ID,47.3109,-115.535,US
673,ID,47.2606,-115.3235,US
674,ID,47.1888,-115.2878,US
675,ID,47.1542,-115.2493,US
676,ID,46.9728,-115.0433,US
677,ID,46.8677,-114.9472,US
678,ID,46.7201,-114.7865,US
679,ID,46.6984,-114.7549,US
680,ID,46.6325,-114.5874,US
681,ID,46.6325,-114.4638,US
682,ID,46.6466,-114.3279,US
683,ID,46.5135,-114.343,US
684,ID,46.453,-114.3896,US
685,ID,46.3488,-114.4144,US
686,ID,46.2682,-114.4611,US
687,ID,46.1227,-114.5105,US
688,ID,45.8585,-114.4418,US
689,ID,45.7742,-114.5654,US
690,ID,45.6745,-114.5229,US
691,ID,45.5621,-114.5654,US
692,ID,45.5439,-114.4666,US
693,ID,45.4601,-114.3375,US
694,ID,45.5468,-114.2441,US
695,ID,45.5631,-114.1342,US
696,ID,45.6889,-113.9708,US
697,ID,45.6102,-113.8403,US
698,ID,45.4409,-113.7978,US
699,ID,45.272,-113.7085,US
700,ID,45.026,-113.4256,US
701,ID,44.9405,-113.4998,US
702,ID,44.7887,-113.3459,US
703,ID,44.8062,-113.2471,US
704,ID,44.735,-113.118,US
705,ID,44.4887,-113.0246,US
706,ID,44.3592,-112.8502,US
707,ID,44.4151,-112.831,US
708,ID,44.4887,-112.7266,US
709,ID,44.4504,-112.3901,US
710,ID,44.5347,-112.327,US
711,ID,44.522,-112.1127,US
712,ID,44.5582,-111.8848,US
713,ID,44.5132,-111.8271,US
714,ID,44.5396,-111.4645,US
715,ID,44.6198,-111.5057,US
716,ID,44.7292,-111.3684,US
717,ID,44.4759,-111.0539,US
718,ID,43.8623,-111.0471,US
719,ID,42.0013,-111.0471,US
720,ID,41.9962,-112.1663,US
721,ID,41.9871,-113.8458,US
722,ID,41.9942,-114.0422,US
723,ID,42.0013,-114.8222,US
724,ID,41.9973,-115.9126,US
725,ID,41.9962,-117.014,US
726,ID,42.0013,-117.0264,US
727,ID,43.782,-117.0277,US
728,ID,43.833,-117.0325,US
729,ID,43.8632,-117.003,US
730,ID,43.9073,-116.9776,US
731,ID,44.0244,-116.9302,US
732,ID,44.0491,-116.9735,US
733,ID,44.1014,-116.933,US
734,ID,44.1561,-116.8945,US
735,ID,44.1965,-116.9714,US
736,ID,44.2442,-116.981,US
737,ID,44.2486,-117.0339,US
738,ID,44.2304,-117.0525,US
739,ID,44.2585,-117.0895,US
740,ID,44.2806,-117.1122,US
741,ID,44.259,-117.1541,US
742,ID,44.2973,-117.2255,US
743,ID,44.3445,-117.1994,US
744,ID,44.3813,-117.2372,US
745,ID,44.4769,-117.2269,US
746,ID,44.5234,-117.1836,US
747,ID,44.5376,-117.1458,US
748,ID,44.7423,-117.0442,US
749,ID,44.7921,-116.9316,US
750,ID,44.8568,-116.898,US
751,ID,44.9356,-116.8327,US
752,ID,44.9624,-116.8513,US
753,ID,44.9896,-116.8554,US
754,ID,45.0313,-116.8417,US
755,ID,45.0968,-116.7819,US
756,ID,45.1627,-116.7229,US
757,ID,45.2178,-116.7105,US
758,ID,45.3213,-116.6741,US
759,ID,45.3984,-116.6185,US
760,ID,45.4433,-116.5883,US
761,ID,45.463,-116.5553,US
762,ID,45.5371,-116.5334,US
763,ID,45.614,-116.464,US
764,ID,45.6904,-116.5354,US
765,ID,45.734,-116.5354,US
766,ID,45.7541,-116.5594,US
767,ID,45.7843,-116.6357,US
768,ID,45.7781,-116.5965,US
769,ID,45.7805,-116.6597,US
770,ID,45.8259,-116.7105,US
771,ID,45.8159,-116.7586,US
772,ID,45.8341,-116.7908,US
773,ID,45.8642,-116.8046,US
774,ID,45.9053,-116.8595,US
775,ID,45.9545,-116.8739,US
776,ID,45.9769,-116.8925,US
777,ID,46.0218,-116.9302,US
778,ID,46.0932,-116.9838,US
779,ID,46.1385,-116.9344,US
780,ID,46.1727,-116.9268,US
781,ID,46.2007,-116.9646,US
782,ID,46.2435,-116.9591,US
783,ID,46.2782,-116.992,US
784,ID,46.3152,-117.0209,US
785,ID,46.3446,-117.0511,US
786,ID,46.427,-117.0408,US
787,ID,46.9451,-117.0394,US
788,ID,48.9996,-117.0319,US
789,IL,42.5116,-90.629,US
790,IL,42.4924,-87.0213,US
791,IL,41.7641,-87.2067,US
792,IL,41.7611,-87.5226,US
793,IL,39.6417,-87.5336,US
794,IL,39.3566,-87.5308,US
795,IL,39.1386,-87.6517,US
796,IL,38.9445,-87.5157,US
797,IL,38.7294,-87.5047,US
798,IL,38.6115,-87.6146,US
799,IL,38.4944,-87.6544,US
800,IL,38.374,-87.778,US
801,IL,38.2856,-87.8371,US
802,IL,38.2414,-87.9758,US
803,IL,38.1454,-87.9291,US
804,IL,37.9788,-88.0225,US
805,IL,37.89,-88.0458,US
806,IL,37.7881,-88.0321,US
807,IL,37.6349,-88.1529,US
808,IL,37.5097,-88.0609,US
809,IL,37.4149,-88.4152,US
810,IL,37.2828,-88.5086,US
811,IL,37.1428,-88.4221,US
812,IL,37.0585,-88.499,US
813,IL,37.1428,-88.7256,US
814,IL,37.2128,-88.9453,US
815,IL,37.1559,-89.0689,US
816,IL,37.0376,-89.165,US
817,IL,36.9894,-89.2873,US
818,IL,37.1505,-89.4356,US
819,IL,37.2762,-89.5345,US
820,IL,37.3996,-89.4315,US
821,IL,37.6936,-89.5358,US
822,IL,37.9767,-89.967,US
823,IL,38.2587,-90.379,US
824,IL,38.6169,-90.2376,US
825,IL,38.7573,-90.1744,US
826,IL,38.8247,-90.1167,US
827,IL,38.8846,-90.1799,US
828,IL,38.968,-90.4504,US
829,IL,38.8654,-90.5905,US
830,IL,39.0405,-90.7086,US
831,IL,39.2301,-90.7306,US
832,IL,39.3173,-90.835,US
833,IL,39.3853,-90.9338,US
834,IL,39.5559,-91.1398,US
835,IL,39.7262,-91.3554,US
836,IL,39.857,-91.4406,US
837,IL,39.994,-91.4941,US
838,IL,40.1694,-91.512,US
839,IL,40.3497,-91.4667,US
840,IL,40.4166,-91.3939,US
841,IL,40.5566,-91.4021,US
842,IL,40.6265,-91.2524,US
843,IL,40.6963,-91.1151,US
844,IL,40.8232,-91.089,US
845,IL,40.9312,-90.9792,US
846,IL,41.1642,-91.0162,US
847,IL,41.2355,-91.1055,US
848,IL,41.417,-91.0368,US
849,IL,41.4458,-90.8487,US
850,IL,41.4417,-90.7251,US
851,IL,41.5816,-90.3516,US
852,IL,41.7713,-90.2637,US
853,IL,41.9023,-90.1538,US
854,IL,42.0819,-90.1758,US
855,IL,42.2021,-90.3598,US
856,IL,42.2936,-90.4395,US
857,IL,42.4032,-90.5356,US
858,IL,42.4843,-90.6564,US
859,IN,41.7611,-87.5253,US
860,IN,41.7611,-84.809,US
861,IN,39.0981,-84.8199,US
862,IN,39.0533,-84.8927,US
863,IN,38.8996,-84.8625,US
864,IN,38.8312,-84.8268,US
865,IN,38.7841,-84.8145,US
866,IN,38.7905,-84.8941,US
867,IN,38.7809,-84.9861,US
868,IN,38.6877,-85.1797,US
869,IN,38.7198,-85.442,US
870,IN,38.5653,-85.4091,US
871,IN,38.4461,-85.5986,US
872,IN,38.2695,-85.751,US
873,IN,38.2824,-85.8266,US
874,IN,38.2414,-85.8376,US
875,IN,38.0967,-85.9035,US
876,IN,38.0232,-85.92,US
877,IN,37.9594,-86.0477,US
878,IN,38.0102,-86.0944,US
879,IN,38.0578,-86.2729,US
880,IN,38.0935,-86.2811,US
881,IN,38.1346,-86.2729,US
882,IN,38.1842,-86.3704,US
883,IN,38.0416,-86.5187,US
884,IN,37.9193,-86.5874,US
885,IN,37.8402,-86.6409,US
886,IN,37.9085,-86.6478,US
887,IN,37.9085,-86.6876,US
888,IN,37.9821,-86.8236,US
889,IN,37.9464,-86.9019,US
890,IN,37.9009,-87.0392,US
891,IN,37.7924,-87.1394,US
892,IN,37.9464,-87.4429,US
893,IN,37.9756,-87.5885,US
894,IN,37.9225,-87.6283,US
895,IN,37.8694,-87.6915,US
896,IN,37.9236,-87.8879,US
897,IN,37.7718,-87.962,US
898,IN,37.787,-88.0321,US
899,IN,37.8092,-88.0376,US
900,IN,37.8011,-88.0643,US
901,IN,37.8206,-88.0925,US
902,IN,37.8223,-88.0451,US
903,IN,37.8483,-88.0575,US
904,IN,37.9041,-88.098,US
905,IN,37.9307,-88.0705,US
906,IN,37.9561,-88.0369,US
907,IN,37.9669,-88.0122,US
908,IN,38.0102,-88.0259,US
909,IN,38.0384,-88.0417,US
910,IN,38.053,-88.0005,US
911,IN,38.0762,-87.9607,US
912,IN,38.1,-88.0163,US
913,IN,38.1313,-87.971,US
914,IN,38.1497,-87.9284,US
915,IN,38.1734,-87.9387,US
916,IN,38.1939,-87.973,US
917,IN,38.2349,-87.9813,US
918,IN,38.2608,-87.9421,US
919,IN,38.2759,-87.8604,US
920,IN,38.3029,-87.8302,US
921,IN,38.3233,-87.835,US
922,IN,38.3567,-87.8137,US
923,IN,38.3767,-87.7739,US
924,IN,38.4116,-87.7444,US
925,IN,38.5149,-87.6448,US
926,IN,38.546,-87.6723,US
927,IN,38.5949,-87.6105,US
928,IN,38.5986,-87.6242,US
929,IN,38.6828,-87.5343,US
930,IN,38.7284,-87.5075,US
931,IN,38.7696,-87.4972,US
932,IN,38.8247,-87.5322,US
933,IN,38.9039,-87.5171,US
934,IN,38.9413,-87.5253,US
935,IN,38.9712,-87.5281,US
936,IN,38.9872,-87.5761,US
937,IN,39.0906,-87.6228,US
938,IN,39.1066,-87.6517,US
939,IN,39.1365,-87.6599,US
940,IN,39.1695,-87.6366,US
941,IN,39.2493,-87.5899,US
942,IN,39.3492,-87.5336,US
943,IN,41.76,-87.5253,US
944,KS,40.0034,-102.0506,US
945,KS,40.0034,-102.0506,US
946,KS,36.9927,-102.0438,US
947,KS,36.9982,-94.6211,US
948,KS,38.8803,-94.6046,US
949,KS,39.0789,-94.6143,US
950,KS,39.1971,-94.6184,US
951,KS,39.1673,-94.7255,US
952,KS,39.2759,-94.8793,US
953,KS,39.5612,-95.099,US
954,KS,39.7283,-94.8807,US
955,KS,39.8286,-94.893,US
956,KS,39.8823,-94.9342,US
957,KS,39.8971,-95.0098,US
958,KS,39.876,-95.0922,US
959,KS,39.9445,-95.2213,US
960,KS,40.0087,-95.3036,US
961,KS,40.0024,-102.0506,US
962,KY,36.4986,-89.5372,US
963,KY,36.5074,-89.301,US
964,KY,36.5008,-88.6871,US
965,KY,36.4931,-88.0568,US
966,KY,36.6695,-88.0692,US
967,KY,36.6343,-87.8535,US
968,KY,36.6265,-86.5654,US
969,KY,36.5979,-83.6375,US
970,KY,36.686,-83.3423,US
971,KY,36.7466,-83.1377,US
972,KY,36.9762,-82.8589,US
973,KY,37.2894,-82.3192,US
974,KY,37.4934,-82.0308,US
975,KY,37.6653,-82.2121,US
976,KY,37.8618,-82.4016,US
977,KY,37.9908,-82.5073,US
978,KY,38.1778,-82.6392,US
979,KY,38.3761,-82.5952,US
980,KY,38.503,-82.7477,US
981,KY,38.5825,-82.8369,US
982,KY,38.7316,-82.9015,US
983,KY,38.7027,-83.0196,US
984,KY,38.619,-83.1418,US
985,KY,38.5986,-83.2819,US
986,KY,38.6941,-83.5291,US
987,KY,38.6351,-83.6595,US
988,KY,38.7487,-83.893,US
989,KY,38.7701,-84.044,US
990,KY,38.8119,-84.2184,US
991,KY,38.9872,-84.3228,US
992,KY,39.1013,-84.4917,US
993,KY,39.1183,-84.6277,US
994,KY,39.1439,-84.7554,US
995,KY,39.0523,-84.8914,US
996,KY,38.9263,-84.8735,US
997,KY,38.7894,-84.8131,US
998,KY,38.7691,-84.9957,US
999,KY,38.6866,-85.1921,US
1000,KY,38.7209,-85.4407,US
1001,KY,38.5653,-85.4077,US
1002,KY,38.4461,-85.5972,US
1003,KY,38.2748,-85.7455,US
1004,KY,38.2716,-85.8087,US
1005,KY,38.2069,-85.865,US
1006,KY,38.0286,-85.9323,US
1007,KY,37.955,-86.0422,US
1008,KY,38.0135,-86.1108,US
1009,KY,38.0643,-86.2756,US
1010,KY,38.1389,-86.277,US
1011,KY,38.1864,-86.369,US
1012,KY,38.0308,-86.5283,US
1013,KY,37.9204,-86.5874,US
1014,KY,37.8423,-86.6423,US
1015,KY,37.9041,-86.6547,US
1016,KY,37.9864,-86.825,US
1017,KY,37.9095,-87.0406,US
1018,KY,37.7935,-87.1381,US
1019,KY,37.942,-87.4168,US
1020,KY,37.9745,-87.5858,US
1021,KY,37.8749,-87.6929,US
1022,KY,37.9215,-87.8906,US
1023,KY,37.7761,-87.9552,US
1024,KY,37.7903,-88.0307,US
1025,KY,37.6479,-88.1584,US
1026,KY,37.5097,-88.0664,US
1027,KY,37.4193,-88.418,US
1028,KY,37.2784,-88.5086,US
1029,KY,37.1428,-88.4248,US
1030,KY,37.0738,-88.5059,US
1031,KY,37.1461,-88.7421,US
1032,KY,37.2249,-88.9522,US
1033,KY,37.1406,-89.0964,US
1034,KY,37.0278,-89.1815,US
1035,KY,36.9488,-89.1032,US
1036,KY,36.8214,-89.1733,US
1037,KY,36.7411,-89.1925,US
1038,KY,36.6265,-89.2007,US
1039,KY,36.5449,-89.2529,US
1040,KY,36.6232,-89.3518,US
1041,KY,36.4986,-89.5345,US
1042,LA,33.0225,-94.043,US
1043,LA,33.0179,-93.0048,US
1044,LA,33.0087,-91.1646,US
1045,LA,32.9269,-91.2209,US
1046,LA,32.8773,-91.122,US
1047,LA,32.8358,-91.1481,US
1048,LA,32.7642,-91.1412,US
1049,LA,32.6382,-91.1536,US
1050,LA,32.5804,-91.1069,US
1051,LA,32.6093,-91.008,US
1052,LA,32.4588,-91.0904,US
1053,LA,32.4379,-91.0355,US
1054,LA,32.3742,-91.0286,US
1055,LA,32.315,-90.9064,US
1056,LA,32.2616,-90.9723,US
1057,LA,32.1942,-91.0464,US
1058,LA,32.1198,-91.0739,US
1059,LA,32.0593,-91.0464,US
1060,LA,31.9918,-91.1014,US
1061,LA,31.9498,-91.1865,US
1062,LA,31.8262,-91.3101,US
1063,LA,31.7947,-91.3527,US
1064,LA,31.623,-91.3925,US
1065,LA,31.6218,-91.5134,US
1066,LA,31.5668,-91.431,US
1067,LA,31.513,-91.5161,US
1068,LA,31.3701,-91.5244,US
1069,LA,31.2598,-91.5477,US
1070,LA,31.2692,-91.6425,US
1071,LA,31.2328,-91.6603,US
1072,LA,31.1917,-91.5848,US
1073,LA,31.1047,-91.6287,US
1074,LA,31.0318,-91.5614,US
1075,LA,30.9988,-91.6397,US
1076,LA,31.0012,-89.7336,US
1077,LA,30.6686,-89.8517,US
1078,LA,30.5386,-89.7858,US
1079,LA,30.3148,-89.6347,US
1080,LA,30.1807,-89.5688,US
1081,LA,30.1582,-89.496,US
1082,LA,30.214,-89.1843,US
1083,LA,30.1463,-89.0373,US
1084,LA,30.0905,-88.8354,US
1085,LA,29.8383,-88.7421,US
1086,LA,29.5758,-88.8712,US
1087,LA,29.1833,-88.9371,US
1088,LA,28.9649,-89.0359,US
1089,LA,28.8832,-89.2282,US
1090,LA,28.9048,-89.4754,US
1091,LA,29.121,-89.7418,US
1092,LA,28.9529,-90.1126,US
1093,LA,28.912,-90.6619,US
1094,LA,28.9553,-91.0355,US
1095,LA,29.121,-91.3211,US
1096,LA,29.2864,-91.9061,US
1097,LA,29.436,-92.7452,US
1098,LA,29.6009,-93.8177,US
1099,LA,29.6749,-93.8631,US
1100,LA,29.737,-93.8933,US
1101,LA,29.793,-93.9304,US
1102,LA,29.8216,-93.9276,US
1103,LA,29.8883,-93.837,US
1104,LA,29.9811,-93.7985,US
1105,LA,30.0144,-93.7601,US
1106,LA,30.0691,-93.7106,US
1107,LA,30.0929,-93.7354,US
1108,LA,30.1166,-93.6996,US
1109,LA,30.1997,-93.7271,US
1110,LA,30.2899,-93.7106,US
1111,LA,30.335,-93.7656,US
1112,LA,30.3871,-93.7601,US
1113,LA,30.4416,-93.6914,US
1114,LA,30.5102,-93.7106,US
1115,LA,30.5433,-93.7463,US
1116,LA,30.5954,-93.7106,US
1117,LA,30.5906,-93.6914,US
1118,LA,30.6545,-93.6859,US
1119,LA,30.6781,-93.6365,US
1120,LA,30.7513,-93.62,US
1121,LA,30.789,-93.5925,US
1122,LA,30.815,-93.5513,US
1123,LA,30.8645,-93.5623,US
1124,LA,30.8881,-93.5788,US
1125,LA,30.9187,-93.5541,US
1126,LA,30.9423,-93.5294,US
1127,LA,31.0082,-93.576,US
1128,LA,31.0318,-93.5101,US
1129,LA,31.0906,-93.5596,US
1130,LA,31.1211,-93.5321,US
1131,LA,31.1799,-93.5349,US
1132,LA,31.1658,-93.5953,US
1133,LA,31.2292,-93.6282,US
1134,LA,31.2668,-93.6118,US
1135,LA,31.3044,-93.6859,US
1136,LA,31.3888,-93.6694,US
1137,LA,31.424,-93.7051,US
1138,LA,31.4427,-93.6859,US
1139,LA,31.4755,-93.7573,US
1140,LA,31.5083,-93.7189,US
1141,LA,31.5411,-93.804,US
1142,LA,31.6113,-93.8425,US
1143,LA,31.6581,-93.8205,US
1144,LA,31.7071,-93.7985,US
1145,LA,31.8029,-93.848,US
1146,LA,31.8892,-93.9029,US
1147,LA,31.9149,-93.9606,US
1148,LA,32.0081,-94.043,US
1149,LA,32.7041,-94.043,US
1150,LA,33.0225,-94.043,US
1151,MA,42.0003,-72.7789,US
1152,MA,42.033,-72.7405,US
1153,MA,42.033,-72.3779,US
1154,MA,42.0228,-71.7984,US
1155,MA,42.0085,-71.8011,US
1156,MA,42.0197,-71.385,US
1157,MA,41.8961,-71.3837,US
1158,MA,41.8982,-71.3411,US
1159,MA,41.8358,-71.337,US
1160,MA,41.8245,-71.3493,US
1161,MA,41.7816,-71.3342,US
1162,MA,41.7529,-71.2628,US
1163,MA,41.6719,-71.1914,US
1164,MA,41.6616,-71.1351,US
1165,MA,41.6124,-71.1433,US
1166,MA,41.5939,-71.131,US
1167,MA,41.4973,-71.1214,US
1168,MA,41.3149,-71.0266,US
1169,MA,41.159,-70.8316,US
1170,MA,41.1662,-69.9225,US
1171,MA,41.3201,-69.7948,US
1172,MA,41.8133,-69.7398,US
1173,MA,42.1939,-70.0337,US
1174,MA,42.2173,-70.5144,US
1175,MA,42.4133,-70.6984,US
1176,MA,42.642,-70.3647,US
1177,MA,42.8286,-70.4759,US
1178,MA,42.876,-70.6133,US
1179,MA,42.8619,-70.844,US
1180,MA,42.889,-70.9154,US
1181,MA,42.8075,-71.0651,US
1182,MA,42.8226,-71.1337,US
1183,MA,42.7873,-71.1859,US
1184,MA,42.7369,-71.1832,US
1185,MA,42.747,-71.2189,US
1186,MA,42.74,-71.256,US
1187,MA,42.6986,-71.2985,US
1188,MA,42.7127,-71.9151,US
1189,MA,42.7309,-72.5441,US
1190,MA,42.745,-73.2541,US
1191,MA,42.746,-73.2664,US
1192,MA,42.546,-73.3406,US
1193,MA,42.2671,-73.4436,US
1194,MA,42.1349,-73.4917,US
1195,MA,42.088,-73.5081,US
1196,MA,42.0483,-73.4985,US
1197,MA,42.0452,-73.1841,US
1198,MA,42.0371,-72.8146,US
1199,MA,41.9962,-72.816,US
1200,MA,42.0024,-72.7803,US
1201,MD,39.722,-79.4778,US
1202,MD,39.722,-78.36,US
1203,MD,39.722,-75.7878,US
1204,MD,39.5655,-75.7809,US
1205,MD,39.3152,-75.7617,US
1206,MD,38.9498,-75.7329,US
1207,MD,38.4611,-75.6944,US
1208,MD,38.4482,-74.8581,US
1209,MD,38.02,-74.9721,US
1210,MD,38.0275,-75.2316,US
1211,MD,37.9962,-75.6079,US
1212,MD,37.9951,-75.623,US
1213,MD,37.9464,-75.6436,US
1214,MD,37.9529,-75.7288,US
1215,MD,37.9117,-75.8084,US
1216,MD,37.9095,-75.9512,US
1217,MD,37.9464,-75.943,US
1218,MD,37.9529,-76.0584,US
1219,MD,37.8889,-76.2396,US
1220,MD,37.9474,-76.3454,US
1221,MD,37.9669,-76.4154,US
1222,MD,38.0146,-76.4703,US
1223,MD,38.0275,-76.517,US
1224,MD,38.0751,-76.5363,US
1225,MD,38.1464,-76.6063,US
1226,MD,38.1616,-76.6928,US
1227,MD,38.167,-76.7601,US
1228,MD,38.1637,-76.8494,US
1229,MD,38.208,-76.9482,US
1230,MD,38.2748,-76.9908,US
1231,MD,38.3093,-77.0306,US
1232,MD,38.3761,-77.0114,US
1233,MD,38.4009,-77.043,US
1234,MD,38.3697,-77.0897,US
1235,MD,38.3697,-77.1432,US
1236,MD,38.332,-77.2627,US
1237,MD,38.4525,-77.3135,US
1238,MD,38.5514,-77.2737,US
1239,MD,38.5954,-77.249,US
1240,MD,38.6373,-77.1281,US
1241,MD,38.6737,-77.1378,US
1242,MD,38.7112,-77.076,US
1243,MD,38.7187,-77.0361,US
1244,MD,38.7766,-77.0416,US
1245,MD,38.8451,-77.032,US
1246,MD,38.9025,-77.0708,US
1247,MD,38.957,-77.1395,US
1248,MD,38.9773,-77.2335,US
1249,MD,39.024,-77.2462,US
1250,MD,39.0634,-77.3431,US
1251,MD,39.0717,-77.4351,US
1252,MD,39.0792,-77.4636,US
1253,MD,39.1218,-77.5202,US
1254,MD,39.1804,-77.5092,US
1255,MD,39.2269,-77.4577,US
1256,MD,39.3051,-77.5666,US
1257,MD,39.3067,-77.6321,US
1258,MD,39.3202,-77.7159,US
1259,MD,39.3383,-77.7626,US
1260,MD,39.381,-77.7544,US
1261,MD,39.4288,-77.7602,US
1262,MD,39.4367,-77.8038,US
1263,MD,39.4606,-77.7997,US
1264,MD,39.5019,-77.7859,US
1265,MD,39.5062,-77.8436,US
1266,MD,39.521,-77.8217,US
1267,MD,39.5337,-77.8354,US
1268,MD,39.5231,-77.8656,US
1269,MD,39.5591,-77.8848,US
1270,MD,39.6015,-77.8821,US
1271,MD,39.6078,-77.9974,US
1272,MD,39.6247,-78.0222,US
1273,MD,39.6924,-78.143,US
1274,MD,39.6945,-78.1924,US
1275,MD,39.6839,-78.2062,US
1276,MD,39.6839,-78.2419,US
1277,MD,39.6586,-78.2281,US
1278,MD,39.6226,-78.2776,US
1279,MD,39.6438,-78.3517,US
1280,MD,39.612,-78.3765,US
1281,MD,39.6036,-78.4067,US
1282,MD,39.5824,-78.4177,US
1283,MD,39.575,-78.4245,US
1284,MD,39.5464,-78.4232,US
1285,MD,39.5146,-78.4698,US
1286,MD,39.5189,-78.5687,US
1287,MD,39.5337,-78.6676,US
1288,MD,39.5888,-78.739,US
1289,MD,39.6015,-78.772,US
1290,MD,39.6184,-78.7363,US
1291,MD,39.6438,-78.7775,US
1292,MD,39.6036,-78.7912,US
1293,MD,39.6036,-78.8187,US
1294,MD,39.5549,-78.8571,US
1295,MD,39.4913,-78.9203,US
1296,MD,39.4426,-78.9725,US
1297,MD,39.4834,-79.0542,US
1298,MD,39.4738,-79.0604,US
1299,MD,39.4553,-79.1043,US
1300,MD,39.3853,-79.1936,US
1301,MD,39.3449,-79.2705,US
1302,MD,39.3014,-79.3282,US
1303,MD,39.2535,-79.4044,US
1304,MD,39.2073,-79.4696,US
1305,MD,39.2051,-79.4861,US
1306,MD,39.2546,-79.4861,US
1307,MD,39.3444,-79.4854,US
1308,MD,39.3454,-79.484,US
1309,MD,39.5316,-79.4833,US
1310,MD,39.7214,-79.4772,US
1311,ME,45.3425,-71.0129,US
1312,ME,45.3328,-70.9525,US
1313,ME,45.2294,-70.8618,US
1314,ME,45.3917,-70.8247,US
1315,ME,45.4274,-70.7808,US
1316,ME,45.383,-70.638,US
1317,ME,45.5092,-70.719,US
1318,ME,45.6544,-70.5721,US
1319,ME,45.7292,-70.3894,US
1320,ME,45.7924,-70.4169,US
1321,ME,45.9368,-70.2493,US
1322,ME,45.9597,-70.3098,US
1323,ME,46.0923,-70.2946,US
1324,ME,46.0989,-70.2589,US
1325,ME,46.1342,-70.2466,US
1326,ME,46.1903,-70.2905,US
1327,ME,46.271,-70.2466,US
1328,ME,46.327,-70.204,US
1329,ME,46.4151,-70.0571,US
1330,ME,46.6956,-69.9994,US
1331,ME,47.455,-69.2303,US
1332,ME,47.4132,-69.0381,US
1333,ME,47.2578,-69.0504,US
1334,ME,47.1748,-68.8843,US
1335,ME,47.2643,-68.6206,US
1336,ME,47.3546,-68.335,US
1337,ME,47.3165,-68.1564,US
1338,ME,47.1038,-67.8804,US
1339,ME,47.0664,-67.7898,US
1340,ME,45.9359,-67.7802,US
1341,ME,45.9177,-67.7527,US
1342,ME,45.7599,-67.809,US
1343,ME,45.6208,-67.6524,US
1344,ME,45.5987,-67.4533,US
1345,ME,45.5044,-67.4176,US
1346,ME,45.4823,-67.5014,US
1347,ME,45.3714,-67.4231,US
1348,ME,45.2768,-67.4863,US
1349,ME,45.1297,-67.3434,US
1350,ME,45.183,-67.2487,US
1351,ME,45.123,-67.1223,US
1352,ME,44.8315,-66.9672,US
1353,ME,44.7409,-66.8628,US
1354,ME,44.4945,-67.3105,US
1355,ME,44.3268,-67.9051,US
1356,ME,43.8702,-68.6673,US
1357,ME,43.7274,-68.8431,US
1358,ME,43.6639,-69.7137,US
1359,ME,43.5625,-70.0818,US
1360,ME,42.9182,-70.5569,US
1361,ME,43.0649,-70.7108,US
1362,ME,43.1391,-70.8302,US
1363,ME,43.2292,-70.8179,US
1364,ME,43.3631,-70.9799,US
1365,ME,43.5675,-70.9717,US
1366,ME,45.3029,-71.0829,US
1367,MI,48.3033,-88.3713,US
1368,MI,48.0101,-87.605,US
1369,MI,46.8902,-84.8584,US
1370,MI,46.6362,-84.765,US
1371,MI,46.4606,-84.5563,US
1372,MI,46.4525,-84.478,US
1373,MI,46.4894,-84.445,US
1374,MI,46.5008,-84.4203,US
1375,MI,46.4989,-84.3956,US
1376,MI,46.5093,-84.375,US
1377,MI,46.5069,-84.3386,US
1378,MI,46.4927,-84.2905,US
1379,MI,46.4951,-84.2651,US
1380,MI,46.5343,-84.2253,US
1381,MI,46.5404,-84.1951,US
1382,MI,46.5272,-84.1779,US
1383,MI,46.5348,-84.1347,US
1384,MI,46.5041,-84.1113,US
1385,MI,46.4189,-84.1457,US
1386,MI,46.372,-84.1395,US
1387,MI,46.3218,-84.1058,US
1388,MI,46.3147,-84.1203,US
1389,MI,46.2672,-84.1148,US
1390,MI,46.2563,-84.0969,US
1391,MI,46.2411,-84.1093,US
1392,MI,46.2098,-84.0859,US
1393,MI,46.1879,-84.0777,US
1394,MI,46.1508,-84.0097,US
1395,MI,46.118,-84.007,US
1396,MI,46.1018,-83.9761,US
1397,MI,46.057,-83.9555,US
1398,MI,46.0604,-83.904,US
1399,MI,46.1185,-83.8264,US
1400,MI,46.1028,-83.7598,US
1401,MI,46.1218,-83.6547,US
1402,MI,46.1056,-83.5723,US
1403,MI,45.9993,-83.4343,US
1404,MI,45.8211,-83.5977,US
1405,MI,45.3396,-82.5197,US
1406,MI,43.5918,-82.1221,US
1407,MI,43.0112,-82.4119,US
1408,MI,42.9956,-82.4249,US
1409,MI,42.9579,-82.4236,US
1410,MI,42.9021,-82.4648,US
1411,MI,42.8543,-82.4689,US
1412,MI,42.81,-82.4826,US
1413,MI,42.7863,-82.4723,US
1414,MI,42.7339,-82.4847,US
1415,MI,42.6855,-82.5032,US
1416,MI,42.638,-82.5108,US
1417,MI,42.6036,-82.5307,US
1418,MI,42.5672,-82.5774,US
1419,MI,42.549,-82.5993,US
1420,MI,42.5521,-82.6501,US
1421,MI,42.5354,-82.668,US
1422,MI,42.4746,-82.7257,US
1423,MI,42.4726,-82.725,US
1424,MI,42.3738,-82.828,US
1425,MI,42.3469,-82.944,US
1426,MI,42.3382,-82.955,US
1427,MI,42.3098,-83.0779,US
1428,MI,42.2392,-83.1294,US
1429,MI,42.1741,-83.1342,US
1430,MI,42.1267,-83.1212,US
1431,MI,42.0411,-83.1493,US
1432,MI,41.96,-83.1116,US
1433,MI,41.7344,-83.4164,US
1434,MI,41.7211,-83.8724,US
1435,MI,41.7057,-84.3736,US
1436,MI,41.6965,-84.8062,US
1437,MI,41.7611,-84.8076,US
1438,MI,41.7621,-87.2067,US
1439,MI,42.4934,-87.0241,US
1440,MI,43.3771,-87.1477,US
1441,MI,43.7056,-87.1216,US
1442,MI,43.9958,-87.0474,US
1443,MI,44.1674,-86.9939,US
1444,MI,44.472,-86.8662,US
1445,MI,44.8841,-86.6849,US
1446,MI,45.0813,-86.5009,US
1447,MI,45.2353,-86.2495,US
1448,MI,45.4438,-86.7563,US
1449,MI,45.4438,-87.0996,US
1450,MI,45.3772,-87.1518,US
1451,MI,45.3502,-87.171,US
1452,MI,45.2401,-87.3166,US
1453,MI,45.2024,-87.4059,US
1454,MI,45.0774,-87.4416,US
1455,MI,45.091,-87.5912,US
1456,MI,45.1036,-87.6407,US
1457,MI,45.2207,-87.697,US
1458,MI,45.3367,-87.6476,US
1459,MI,45.3878,-87.6984,US
1460,MI,45.3425,-87.8494,US
1461,MI,45.5025,-87.7959,US
1462,MI,45.6726,-87.789,US
1463,MI,45.757,-87.9318,US
1464,MI,45.7953,-87.9922,US
1465,MI,45.8058,-88.1186,US
1466,MI,45.8585,-88.087,US
1467,MI,45.9531,-88.1955,US
1468,MI,45.9722,-88.3438,US
1469,MI,45.9836,-88.3891,US
1470,MI,46.0113,-88.5457,US
1471,MI,45.997,-88.7022,US
1472,MI,46.0227,-88.8135,US
1473,MI,46.0418,-88.8547,US
1474,MI,46.1408,-89.0936,US
1475,MI,46.3384,-90.1222,US
1476,MI,46.5692,-90.4175,US
1477,MI,46.9034,-90.2019,US
1478,MI,47.2913,-89.9547,US
1479,MI,48.0129,-89.4946,US
1480,MI,47.9743,-89.3381,US
1481,MI,48.2448,-88.6761,US
1482,MI,48.3042,-88.3726,US
1483,MN,43.5008,-96.4517,US
1484,MN,43.5017,-91.2195,US
1485,MN,43.8226,-91.3101,US
1486,MN,43.9651,-91.4914,US
1487,MN,44.1113,-91.7084,US
1488,MN,44.2806,-91.8951,US
1489,MN,44.371,-91.9556,US
1490,MN,44.4357,-92.2083,US
1491,MN,44.5513,-92.336,US
1492,MN,44.6501,-92.6367,US
1493,MN,44.7877,-92.7658,US
1494,MN,45.3135,-92.7081,US
1495,MN,45.4505,-92.6532,US
1496,MN,45.6083,-92.8482,US
1497,MN,45.8307,-92.7356,US
1498,MN,45.976,-92.5159,US
1499,MN,46.0151,-92.3566,US
1500,MN,46.0789,-92.2934,US
1501,MN,46.5957,-92.2879,US
1502,MN,47.3072,-90.6564,US
1503,MN,47.2885,-89.9615,US
1504,MN,48.012,-89.4919,US
1505,MN,48.0193,-89.7583,US
1506,MN,48.0285,-89.9931,US
1507,MN,48.0827,-90.0261,US
1508,MN,48.1074,-90.1758,US
1509,MN,48.0955,-90.3502,US
1510,MN,48.1074,-90.4834,US
1511,MN,48.1175,-90.5644,US
1512,MN,48.0928,-90.7471,US
1513,MN,48.1588,-90.7759,US
1514,MN,48.2402,-90.8405,US
1515,MN,48.2174,-90.9792,US
1516,MN,48.0726,-91.3252,US
1517,MN,48.0505,-91.5738,US
1518,MN,48.1166,-91.707,US
1519,MN,48.1963,-91.7166,US
1520,MN,48.2494,-91.9844,US
1521,MN,48.3188,-92.0078,US
1522,MN,48.3544,-92.0531,US
1523,MN,48.3599,-92.1561,US
1524,MN,48.3307,-92.2975,US
1525,MN,48.2475,-92.2742,US
1526,MN,48.2228,-92.3717,US
1527,MN,48.3854,-92.4609,US
1528,MN,48.4474,-92.5104,US
1529,MN,48.4611,-92.7122,US
1530,MN,48.4984,-92.634,US
1531,MN,48.5403,-92.6395,US
1532,MN,48.6393,-93.2066,US
1533,MN,48.5884,-93.4648,US
1534,MN,48.5439,-93.4621,US
1535,MN,48.5166,-93.8013,US
1536,MN,48.6284,-93.8356,US
1537,MN,48.6547,-94.2531,US
1538,MN,48.7046,-94.2792,US
1539,MN,48.6982,-94.4467,US
1540,MN,48.7861,-94.6925,US
1541,MN,48.8756,-94.6788,US
1542,MN,49.0955,-94.7488,US
1543,MN,49.1889,-94.7955,US
1544,MN,49.3189,-94.8175,US
1545,MN,49.3815,-94.9631,US
1546,MN,49.3538,-95.04,US
1547,MN,49.3681,-95.1196,US
1548,MN,49.3877,-95.1553,US
1549,MN,48.9991,-95.1553,US
1550,MN,49,-97.2304,US
1551,MN,48.8647,-97.1851,US
1552,MN,48.7806,-97.1576,US
1553,MN,48.6683,-97.104,US
1554,MN,48.5539,-97.1645,US
1555,MN,48.2832,-97.1411,US
1556,MN,48.1578,-97.1397,US
1557,MN,47.9633,-97.0587,US
1558,MN,47.7098,-96.9434,US
1559,MN,47.5821,-96.8582,US
1560,MN,47.2345,-96.8335,US
1561,MN,46.6702,-96.8005,US
1562,MN,46.5135,-96.7126,US
1563,MN,46.2786,-96.6028,US
1564,MN,46.0189,-96.5767,US
1565,MN,45.8173,-96.5891,US
1566,MN,45.6169,-96.8486,US
1567,MN,45.4601,-96.7456,US
1568,MN,45.3676,-96.5918,US
1569,MN,45.2961,-96.4558,US
1570,MN,43.5008,-96.4531,US
1571,MO,40.6181,-91.7468,US
1572,MO,40.5597,-91.6809,US
1573,MO,40.5472,-91.626,US
1574,MO,40.4658,-91.5463,US
1575,MO,40.3675,-91.4337,US
1576,MO,40.1663,-91.5161,US
1577,MO,39.9866,-91.49,US
1578,MO,39.8634,-91.4447,US
1579,MO,39.7283,-91.3623,US
1580,MO,39.6861,-91.3074,US
1581,MO,39.5464,-91.1096,US
1582,MO,39.4022,-90.9558,US
1583,MO,39.245,-90.7306,US
1584,MO,38.9893,-90.6812,US
1585,MO,38.8697,-90.5878,US
1586,MO,38.9722,-90.4504,US
1587,MO,38.8868,-90.1813,US
1588,MO,38.8269,-90.1154,US
1589,MO,38.7155,-90.1978,US
1590,MO,38.4149,-90.3186,US
1591,MO,38.2597,-90.379,US
1592,MO,37.9572,-89.9341,US
1593,MO,37.6925,-89.5331,US
1594,MO,37.4007,-89.4287,US
1595,MO,37.2784,-89.5386,US
1596,MO,37.1734,-89.4452,US
1597,MO,37.0859,-89.3793,US
1598,MO,36.9938,-89.2859,US
1599,MO,37.0311,-89.1829,US
1600,MO,36.9839,-89.1403,US
1601,MO,36.9466,-89.1005,US
1602,MO,36.7884,-89.1788,US
1603,MO,36.6288,-89.2035,US
1604,MO,36.5449,-89.2516,US
1605,MO,36.6188,-89.3532,US
1606,MO,36.5538,-89.4397,US
1607,MO,36.4942,-89.5358,US
1608,MO,36.3594,-89.5331,US
1609,MO,36.2509,-89.5345,US
1610,MO,36.0891,-89.61,US
1611,MO,36.0002,-89.7116,US
1612,MO,35.9958,-90.3735,US
1613,MO,36.1223,-90.2747,US
1614,MO,36.2886,-90.0934,US
1615,MO,36.3903,-90.0769,US
1616,MO,36.4213,-90.1538,US
1617,MO,36.5008,-90.1538,US
1618,MO,36.4975,-94.6184,US
1619,MO,38.9722,-94.6143,US
1620,MO,39.1982,-94.6143,US
1621,MO,39.1684,-94.7241,US
1622,MO,39.279,-94.8834,US
1623,MO,39.5612,-95.1086,US
1624,MO,39.7283,-94.8834,US
1625,MO,39.8296,-94.8944,US
1626,MO,39.8845,-94.9384,US
1627,MO,39.8971,-95.0153,US
1628,MO,39.8718,-95.0922,US
1629,MO,40.0066,-95.3119,US
1630,MO,40.246,-95.4794,US
1631,MO,40.3256,-95.6635,US
1632,MO,40.5879,-95.7527,US
1633,MO,40.5795,-94.3135,US
1634,MO,40.5962,-92.5818,US
1635,MO,40.614,-91.7358,US
1636,MS,35.0041,-90.3049,US
1637,MS,35.0075,-88.1955,US
1638,MS,34.8882,-88.0994,US
1639,MS,34.7044,-88.1241,US
1640,MS,33.6661,-88.2573,US
1641,MS,31.8939,-88.4756,US
1642,MS,30.8657,-88.418,US
1643,MS,30.1594,-88.385,US
1644,MS,30.0905,-88.8327,US
1645,MS,30.2104,-89.187,US
1646,MS,30.157,-89.4919,US
1647,MS,30.1796,-89.5757,US
1648,MS,30.3326,-89.6457,US
1649,MS,30.5232,-89.7748,US
1650,MS,30.6663,-89.8531,US
1651,MS,30.9988,-89.7377,US
1652,MS,30.9988,-91.6287,US
1653,MS,31.0341,-91.5601,US
1654,MS,31.1106,-91.6273,US
1655,MS,31.1658,-91.5916,US
1656,MS,31.2304,-91.6589,US
1657,MS,31.2656,-91.6452,US
1658,MS,31.2609,-91.5436,US
1659,MS,31.3724,-91.5271,US
1660,MS,31.4099,-91.5161,US
1661,MS,31.5071,-91.512,US
1662,MS,31.5692,-91.4502,US
1663,MS,31.623,-91.5147,US
1664,MS,31.6253,-91.3966,US
1665,MS,31.7936,-91.3513,US
1666,MS,31.8589,-91.2744,US
1667,MS,31.9755,-91.1673,US
1668,MS,32.0267,-91.0767,US
1669,MS,32.1198,-91.0767,US
1670,MS,32.1942,-91.0437,US
1671,MS,32.2221,-91.0107,US
1672,MS,32.315,-90.9132,US
1673,MS,32.3742,-91.0313,US
1674,MS,32.4263,-91.0217,US
1675,MS,32.4634,-91.0986,US
1676,MS,32.607,-91.008,US
1677,MS,32.5746,-91.1096,US
1678,MS,32.6394,-91.1536,US
1679,MS,32.7226,-91.1426,US
1680,MS,32.7873,-91.1426,US
1681,MS,32.8519,-91.1536,US
1682,MS,32.8796,-91.1206,US
1683,MS,32.9257,-91.2195,US
1684,MS,32.9995,-91.2085,US
1685,MS,33.0444,-91.2016,US
1686,MS,33.1192,-91.2016,US
1687,MS,33.1835,-91.1041,US
1688,MS,33.3397,-91.1536,US
1689,MS,33.4223,-91.1646,US
1690,MS,33.4337,-91.2291,US
1691,MS,33.5414,-91.2524,US
1692,MS,33.6135,-91.1838,US
1693,MS,33.6878,-91.2524,US
1694,MS,33.6969,-91.1261,US
1695,MS,33.7883,-91.1426,US
1696,MS,33.77,-91.0437,US
1697,MS,33.8339,-91.0327,US
1698,MS,33.8795,-91.0657,US
1699,MS,33.9434,-91.0876,US
1700,MS,33.9889,-90.9998,US
1701,MS,34.0253,-90.9229,US
1702,MS,34.0891,-90.9009,US
1703,MS,34.1345,-90.9668,US
1704,MS,34.1709,-90.9119,US
1705,MS,34.1345,-90.8501,US
1706,MS,34.2277,-90.9338,US
1707,MS,34.2833,-90.8267,US
1708,MS,34.3434,-90.6921,US
1709,MS,34.3774,-90.6509,US
1710,MS,34.3978,-90.6152,US
1711,MS,34.4432,-90.5589,US
1712,MS,34.5179,-90.574,US
1713,MS,34.588,-90.5823,US
1714,MS,34.7506,-90.5356,US
1715,MS,34.7913,-90.5136,US
1716,MS,34.878,-90.4532,US
1717,MS,34.8476,-90.3543,US
1718,MS,34.8702,-90.2911,US
1719,MS,35.0041,-90.3062,US
1720,MT,44.475,-111.0512,US
1721,MT,44.7311,-111.3684,US
1722,MT,44.6198,-111.5071,US
1723,MT,44.5386,-111.4673,US
1724,MT,44.5151,-111.8285,US
1725,MT,44.5592,-111.8848,US
1726,MT,44.5229,-112.1127,US
1727,MT,44.5367,-112.327,US
1728,MT,44.4475,-112.3901,US
1729,MT,44.4896,-112.7293,US
1730,MT,44.4181,-112.8296,US
1731,MT,44.3563,-112.8529,US
1732,MT,44.4857,-113.0205,US
1733,MT,44.5905,-113.0713,US
1734,MT,44.7389,-113.1152,US
1735,MT,44.8091,-113.2471,US
1736,MT,44.7887,-113.3459,US
1737,MT,44.9386,-113.497,US
1738,MT,45.0269,-113.4229,US
1739,MT,45.2749,-113.7085,US
1740,MT,45.4447,-113.7964,US
1741,MT,45.614,-113.8403,US
1742,MT,45.6908,-113.9722,US
1743,MT,45.5631,-114.1315,US
1744,MT,45.5525,-114.2358,US
1745,MT,45.4592,-114.3347,US
1746,MT,45.5439,-114.4652,US
1747,MT,45.5583,-114.5668,US
1748,MT,45.6755,-114.5215,US
1749,MT,45.7733,-114.5641,US
1750,MT,45.8613,-114.4391,US
1751,MT,45.9989,-114.4817,US
1752,MT,46.1237,-114.5132,US
1753,MT,46.2577,-114.4652,US
1754,MT,46.3441,-114.4171,US
1755,MT,46.453,-114.3896,US
1756,MT,46.5069,-114.3484,US
1757,MT,46.6504,-114.3279,US
1758,MT,46.6334,-114.4652,US
1759,MT,46.6362,-114.5929,US
1760,MT,46.7003,-114.7659,US
1761,MT,46.8423,-114.9307,US
1762,MT,47.0402,-115.1147,US
1763,MT,47.1888,-115.2933,US
1764,MT,47.2569,-115.329,US
1765,MT,47.3025,-115.5267,US
1766,MT,47.4253,-115.7547,US
1767,MT,47.5487,-115.7533,US
1768,MT,47.5793,-115.6956,US
1769,MT,47.9771,-116.0458,US
1770,MT,48.9991,-116.0458,US
1771,MT,48.9991,-104.0501,US
1772,MT,45.0269,-104.0186,US
1773,MT,45.0153,-104.0186,US
1774,MT,44.9978,-104.0199,US
1775,MT,44.9959,-111.0498,US
1776,MT,44.475,-111.0512,US
1777,NC,33.7963,-78.485,US
1778,NC,34.8037,-79.6742,US
1779,NC,34.8206,-80.8003,US
1780,NC,34.9377,-80.788,US
1781,NC,35.1019,-80.9377,US
1782,NC,35.0356,-81.0379,US
1783,NC,35.1457,-81.0324,US
1784,NC,35.166,-81.3867,US
1785,NC,35.1985,-82.2739,US
1786,NC,35.2041,-82.3933,US
1787,NC,35.0637,-82.7765,US
1788,NC,35.0817,-82.7861,US
1789,NC,34.9996,-83.1075,US
1790,NC,34.9918,-83.6183,US
1791,NC,34.9918,-84.3201,US
1792,NC,35.2131,-84.2885,US
1793,NC,35.268,-84.2226,US
1794,NC,35.231,-84.1113,US
1795,NC,35.2815,-84.0454,US
1796,NC,35.4058,-84.0248,US
1797,NC,35.4719,-83.9424,US
1798,NC,35.5166,-83.8559,US
1799,NC,35.5512,-83.6938,US
1800,NC,35.568,-83.5181,US
1801,NC,35.6327,-83.3849,US
1802,NC,35.7142,-83.2475,US
1803,NC,35.7799,-82.9962,US
1804,NC,35.8445,-82.9276,US
1805,NC,35.9224,-82.8191,US
1806,NC,35.9958,-82.771,US
1807,NC,36.0613,-82.6419,US
1808,NC,35.9702,-82.6103,US
1809,NC,35.9547,-82.5677,US
1810,NC,36.0236,-82.473,US
1811,NC,36.0669,-82.4194,US
1812,NC,36.1168,-82.3535,US
1813,NC,36.1345,-82.2862,US
1814,NC,36.1467,-82.1461,US
1815,NC,36.1035,-82.1228,US
1816,NC,36.1268,-82.0267,US
1817,NC,36.2797,-81.936,US
1818,NC,36.3527,-81.7987,US
1819,NC,36.3361,-81.7081,US
1820,NC,36.588,-81.6724,US
1821,NC,36.5659,-80.7234,US
1822,NC,36.5438,-80.2977,US
1823,NC,36.5449,-79.6729,US
1824,NC,36.5449,-77.2559,US
1825,NC,36.5505,-75.7562,US
1826,NC,36.3129,-75.7068,US
1827,NC,35.7131,-75.4129,US
1828,NC,35.2041,-75.472,US
1829,NC,34.9794,-76.0748,US
1830,NC,34.5258,-76.4951,US
1831,NC,34.588,-76.8109,US
1832,NC,34.5314,-77.1378,US
1833,NC,34.391,-77.4481,US
1834,NC,34.0481,-77.7983,US
1835,NC,33.7666,-77.926,US
1836,NC,33.7963,-78.4863,US
1837,ND,48.9955,-104.0501,US
1838,ND,45.9445,-104.0446,US
1839,ND,45.934,-96.5671,US
1840,ND,46.3242,-96.6028,US
1841,ND,46.6636,-96.7978,US
1842,ND,46.8602,-96.7896,US
1843,ND,46.9503,-96.7896,US
1844,ND,47.13,-96.8335,US
1845,ND,47.2345,-96.8335,US
1846,ND,47.4132,-96.8555,US
1847,ND,47.5469,-96.8555,US
1848,ND,47.6506,-96.8774,US
1849,ND,47.9918,-97.0601,US
1850,ND,48.1267,-97.126,US
1851,ND,48.2859,-97.1109,US
1852,ND,48.4301,-97.1233,US
1853,ND,48.553,-97.1425,US
1854,ND,48.6765,-97.0999,US
1855,ND,48.7326,-97.1356,US
1856,ND,48.7951,-97.1727,US
1857,ND,48.9081,-97.229,US
1858,ND,48.9982,-97.2331,US
1859,ND,48.9946,-104.0501,US
1860,NE,42.9986,-104.0543,US
1861,NE,41.0027,-104.0543,US
1862,NE,41.0006,-102.0506,US
1863,NE,40.0034,-102.0493,US
1864,NE,39.9992,-95.3091,US
1865,NE,40.2397,-95.4808,US
1866,NE,40.313,-95.647,US
1867,NE,40.4302,-95.6689,US
1868,NE,40.59,-95.75,US
1869,NE,40.6827,-95.8543,US
1870,NE,40.8138,-95.8447,US
1871,NE,40.9654,-95.8324,US
1872,NE,41.0794,-95.8667,US
1873,NE,41.2923,-95.8722,US
1874,NE,41.4458,-95.9354,US
1875,NE,41.5261,-95.9999,US
1876,NE,41.638,-96.0988,US
1877,NE,41.7703,-96.0686,US
1878,NE,41.8368,-96.1084,US
1879,NE,41.9677,-96.1372,US
1880,NE,42.033,-96.2402,US
1881,NE,42.1155,-96.2746,US
1882,NE,42.2021,-96.3583,US
1883,NE,42.2448,-96.3281,US
1884,NE,42.389,-96.4188,US
1885,NE,42.4731,-96.4037,US
1886,NE,42.5369,-96.6357,US
1887,NE,42.6057,-96.7099,US
1888,NE,42.6532,-96.6893,US
1889,NE,42.6602,-96.7621,US
1890,NE,42.7147,-96.839,US
1891,NE,42.7571,-96.9763,US
1892,NE,42.8085,-97.2029,US
1893,NE,42.8458,-97.229,US
1894,NE,42.8629,-97.3979,US
1895,NE,42.8427,-97.5133,US
1896,NE,42.8488,-97.6149,US
1897,NE,42.8659,-97.8456,US
1898,NE,42.747,-97.998,US
1899,NE,42.8337,-98.145,US
1900,NE,42.9293,-98.4485,US
1901,NE,42.9966,-98.502,US
1902,NE,43.0006,-104.0543,US
1903,NH,45.0153,-71.5045,US
1904,NH,45.0532,-71.4977,US
1905,NH,45.091,-71.4619,US
1906,NH,45.152,-71.4276,US
1907,NH,45.2043,-71.396,US
1908,NH,45.2362,-71.4455,US
1909,NH,45.2372,-71.3878,US
1910,NH,45.271,-71.3617,US
1911,NH,45.3029,-71.2834,US
1912,NH,45.2507,-71.2299,US
1913,NH,45.2391,-71.1818,US
1914,NH,45.2478,-71.1584,US
1915,NH,45.2469,-71.1337,US
1916,NH,45.2846,-71.1145,US
1917,NH,45.3058,-71.0843,US
1918,NH,44.923,-71.0527,US
1919,NH,44.3592,-71.0143,US
1920,NH,43.7364,-70.984,US
1921,NH,43.5704,-70.9731,US
1922,NH,43.3621,-70.9813,US
1923,NH,43.2942,-70.903,US
1924,NH,43.2272,-70.8083,US
1925,NH,43.1411,-70.8261,US
1926,NH,43.1,-70.7671,US
1927,NH,43.0498,-70.697,US
1928,NH,42.9222,-70.5583,US
1929,NH,42.876,-70.6146,US
1930,NH,42.8599,-70.8467,US
1931,NH,42.886,-70.9195,US
1932,NH,42.8105,-71.0609,US
1933,NH,42.8125,-71.142,US
1934,NH,42.7904,-71.1873,US
1935,NH,42.7349,-71.1832,US
1936,NH,42.745,-71.2463,US
1937,NH,42.6986,-71.2972,US
1938,NH,42.7077,-71.7421,US
1939,NH,42.7268,-72.459,US
1940,NH,42.7621,-72.5098,US
1941,NH,42.8105,-72.5414,US
1942,NH,42.8609,-72.5592,US
1943,NH,42.8981,-72.5317,US
1944,NH,42.9524,-72.54,US
1945,NH,42.9745,-72.4919,US
1946,NH,42.9906,-72.4658,US
1947,NH,43.0127,-72.448,US
1948,NH,43.0287,-72.4713,US
1949,NH,43.0508,-72.4713,US
1950,NH,43.0819,-72.4356,US
1951,NH,43.104,-72.4452,US
1952,NH,43.118,-72.4342,US
1953,NH,43.1501,-72.459,US
1954,NH,43.2052,-72.4329,US
1955,NH,43.2562,-72.4384,US
1956,NH,43.2812,-72.4095,US
1957,NH,43.3741,-72.415,US
1958,NH,43.4988,-72.3807,US
1959,NH,43.5127,-72.4013,US
1960,NH,43.5834,-72.3779,US
1961,NH,43.642,-72.3134,US
1962,NH,43.6758,-72.3024,US
1963,NH,43.7036,-72.3079,US
1964,NH,43.7344,-72.2694,US
1965,NH,43.7741,-72.2035,US
1966,NH,43.8187,-72.187,US
1967,NH,43.8672,-72.1843,US
1968,NH,43.889,-72.1568,US
1969,NH,43.9117,-72.1321,US
1970,NH,43.9454,-72.1198,US
1971,NH,44.0017,-72.117,US
1972,NH,44.0856,-72.047,US
1973,NH,44.1093,-72.0552,US
1974,NH,44.1428,-72.0387,US
1975,NH,44.1763,-72.058,US
1976,NH,44.1999,-72.0703,US
1977,NH,44.2511,-72.0525,US
1978,NH,44.2796,-72.0607,US
1979,NH,44.3199,-72.0291,US
1980,NH,44.3376,-71.9783,US
1981,NH,44.3592,-71.9289,US
1982,NH,44.3366,-71.8712,US
1983,NH,44.3572,-71.8135,US
1984,NH,44.3877,-71.8108,US
1985,NH,44.4014,-71.7778,US
1986,NH,44.4122,-71.738,US
1987,NH,44.4416,-71.6597,US
1988,NH,44.4642,-71.6542,US
1989,NH,44.5073,-71.5855,US
1990,NH,44.5357,-71.5746,US
1991,NH,44.5601,-71.6048,US
1992,NH,44.568,-71.5897,US
1993,NH,44.568,-71.5649,US
1994,NH,44.5914,-71.5485,US
1995,NH,44.5993,-71.5649,US
1996,NH,44.6315,-71.554,US
1997,NH,44.6608,-71.5924,US
1998,NH,44.7243,-71.613,US
1999,NH,44.7526,-71.6364,US
2000,NH,44.8198,-71.5746,US
2001,NH,44.8325,-71.5526,US
2002,NH,44.8539,-71.5553,US
2003,NH,44.8744,-71.5279,US
2004,NH,44.9123,-71.5018,US
2005,NH,44.9366,-71.5182,US
2006,NH,44.9697,-71.5237,US
2007,NH,44.9862,-71.5443,US
2008,NH,45.0017,-71.5237,US
2009,NH,45.0163,-71.5045,US
2010,NJ,41.3572,-74.695,US
2011,NJ,41.3394,-74.6559,US
2012,NJ,40.9934,-73.894,US
2013,NJ,40.8398,-73.9586,US
2014,NJ,40.7691,-74.0094,US
2015,NJ,40.6994,-74.0231,US
2016,NJ,40.6786,-74.0437,US
2017,NJ,40.6515,-74.0808,US
2018,NJ,40.6421,-74.1357,US
2019,NJ,40.6452,-74.1962,US
2020,NJ,40.5952,-74.2003,US
2021,NJ,40.5566,-74.2195,US
2022,NJ,40.4877,-74.2552,US
2023,NJ,40.4762,-74.2264,US
2024,NJ,40.5253,-73.9503,US
2025,NJ,40.4846,-73.8885,US
2026,NJ,40.0045,-73.9352,US
2027,NJ,39.6131,-74.041,US
2028,NJ,39.4744,-74.2209,US
2029,NJ,38.9882,-74.6713,US
2030,NJ,38.8664,-74.8553,US
2031,NJ,38.8472,-75.0476,US
2032,NJ,39.0565,-75.1685,US
2033,NJ,39.2525,-75.325,US
2034,NJ,39.45,-75.5544,US
2035,NJ,39.4966,-75.5612,US
2036,NJ,39.4998,-75.5283,US
2037,NJ,39.5411,-75.5338,US
2038,NJ,39.5761,-75.509,US
2039,NJ,39.6237,-75.5708,US
2040,NJ,39.6713,-75.5104,US
2041,NJ,39.7167,-75.4843,US
2042,NJ,39.8033,-75.4156,US
2043,NJ,39.836,-75.2632,US
2044,NJ,39.8823,-75.1918,US
2045,NJ,40.118,-74.7922,US
2046,NJ,40.139,-74.7331,US
2047,NJ,40.2565,-74.8485,US
2048,NJ,40.3361,-74.9419,US
2049,NJ,40.402,-74.9721,US
2050,NJ,40.424,-75.0627,US
2051,NJ,40.4898,-75.0613,US
2052,NJ,40.5733,-75.1067,US
2053,NJ,40.5639,-75.2138,US
2054,NJ,40.6192,-75.2028,US
2055,NJ,40.6494,-75.2069,US
2056,NJ,40.8284,-75.0806,US
2057,NJ,40.8429,-75.0998,US
2058,NJ,40.8689,-75.0504,US
2059,NJ,40.9913,-75.1369,US
2060,NJ,41.2293,-74.8677,US
2061,NJ,41.3479,-74.7537,US
2062,NJ,41.3469,-74.7249,US
2063,NJ,41.3593,-74.696,US
2064,NM,36.9971,-109.0448,US
2065,NM,31.3337,-109.0489,US
2066,NM,31.3349,-108.214,US
2067,NM,31.7795,-108.2071,US
2068,NM,31.783,-106.5317,US
2069,NM,32.0034,-106.6223,US
2070,NM,31.9999,-103.0696,US
2071,NM,36.9982,-103.0023,US
2072,NM,36.9982,-109.0475,US
2073,NV,41.9922,-120.0037,US
2074,NV,42.0003,-117.9602,US
2075,NV,42.0003,-117.0264,US
2076,NV,42.0003,-115.73,US
2077,NV,41.9952,-114.0436,US
2078,NV,38.2856,-114.0546,US
2079,NV,36.1955,-114.0491,US
2080,NV,36.1334,-114.0985,US
2081,NV,36.1068,-114.126,US
2082,NV,36.0891,-114.115,US
2083,NV,36.0313,-114.1534,US
2084,NV,36.0136,-114.2468,US
2085,NV,36.0624,-114.3292,US
2086,NV,36.1024,-114.3237,US
2087,NV,36.1434,-114.3896,US
2088,NV,36.129,-114.5105,US
2089,NV,36.1467,-114.5215,US
2090,NV,36.1556,-114.5654,US
2091,NV,36.1334,-114.6204,US
2092,NV,36.1157,-114.6863,US
2093,NV,36.0979,-114.7742,US
2094,NV,36.058,-114.7357,US
2095,NV,36.0447,-114.7522,US
2096,NV,35.9691,-114.7412,US
2097,NV,35.898,-114.7028,US
2098,NV,35.8757,-114.6588,US
2099,NV,35.8579,-114.7083,US
2100,NV,35.8267,-114.6973,US
2101,NV,35.8089,-114.7192,US
2102,NV,35.6618,-114.6973,US
2103,NV,35.6037,-114.6478,US
2104,NV,35.5814,-114.6863,US
2105,NV,35.5233,-114.6533,US
2106,NV,35.5054,-114.6863,US
2107,NV,35.407,-114.6149,US
2108,NV,35.3218,-114.5929,US
2109,NV,35.1783,-114.5737,US
2110,NV,35.1199,-114.6094,US
2111,NV,35.1109,-114.6368,US
2112,NV,35.0929,-114.6368,US
2113,NV,35.075,-114.6039,US
2114,NV,35.048,-114.6259,US
2115,NV,35.0345,-114.6478,US
2116,NV,35.003,-114.6423,US
2117,NV,35.1334,-114.8016,US
2118,NV,37.2303,-117.5153,US
2119,NV,39,-120.0009,US
2120,NV,41.9942,-119.9982,US
2121,NY,42.5142,-79.7624,US
2122,NY,42.7783,-79.0672,US
2123,NY,42.8508,-78.9313,US
2124,NY,42.9061,-78.9024,US
2125,NY,42.9554,-78.9313,US
2126,NY,42.9584,-78.9656,US
2127,NY,42.9886,-79.0219,US
2128,NY,43.0568,-79.0027,US
2129,NY,43.0769,-79.0727,US
2130,NY,43.122,-79.0713,US
2131,NY,43.1441,-79.0302,US
2132,NY,43.1801,-79.0576,US
2133,NY,43.2482,-79.0604,US
2134,NY,43.2812,-79.0837,US
2135,NY,43.4509,-79.2004,US
2136,NY,43.6311,-78.6909,US
2137,NY,43.6321,-76.7958,US
2138,NY,43.9987,-76.4978,US
2139,NY,44.0965,-76.4388,US
2140,NY,44.1349,-76.3536,US
2141,NY,44.1989,-76.3124,US
2142,NY,44.2049,-76.2437,US
2143,NY,44.2413,-76.1655,US
2144,NY,44.2973,-76.1353,US
2145,NY,44.3327,-76.0474,US
2146,NY,44.3553,-75.9856,US
2147,NY,44.3749,-75.9196,US
2148,NY,44.3994,-75.873,US
2149,NY,44.4308,-75.8221,US
2150,NY,44.474,-75.8098,US
2151,NY,44.5425,-75.7288,US
2152,NY,44.6647,-75.5585,US
2153,NY,44.7672,-75.4088,US
2154,NY,44.8101,-75.3442,US
2155,NY,44.8383,-75.3058,US
2156,NY,44.8676,-75.2399,US
2157,NY,44.9211,-75.1204,US
2158,NY,44.9609,-74.9995,US
2159,NY,44.9803,-74.9899,US
2160,NY,44.9852,-74.9103,US
2161,NY,45.0017,-74.8856,US
2162,NY,45.0153,-74.8306,US
2163,NY,45.0046,-74.7633,US
2164,NY,45.0027,-74.707,US
2165,NY,45.0007,-74.5642,US
2166,NY,44.992,-74.1467,US
2167,NY,45.0037,-73.7306,US
2168,NY,45.0085,-73.4203,US
2169,NY,45.0109,-73.343,US
2170,NY,44.9874,-73.3547,US
2171,NY,44.9648,-73.3379,US
2172,NY,44.916,-73.3396,US
2173,NY,44.8354,-73.3739,US
2174,NY,44.8013,-73.3324,US
2175,NY,44.7419,-73.3667,US
2176,NY,44.6139,-73.3873,US
2177,NY,44.5787,-73.3736,US
2178,NY,44.4916,-73.3049,US
2179,NY,44.4289,-73.2953,US
2180,NY,44.3513,-73.3365,US
2181,NY,44.2757,-73.3118,US
2182,NY,44.198,-73.3818,US
2183,NY,44.1142,-73.4079,US
2184,NY,44.0511,-73.4367,US
2185,NY,44.0165,-73.4065,US
2186,NY,43.9375,-73.4079,US
2187,NY,43.8771,-73.3749,US
2188,NY,43.8167,-73.3914,US
2189,NY,43.779,-73.3557,US
2190,NY,43.646,-73.4244,US
2191,NY,43.5893,-73.434,US
2192,NY,43.5655,-73.3969,US
2193,NY,43.6112,-73.3818,US
2194,NY,43.6271,-73.3049,US
2195,NY,43.5764,-73.3063,US
2196,NY,43.5675,-73.2582,US
2197,NY,43.5227,-73.2445,US
2198,NY,43.2582,-73.2582,US
2199,NY,42.9715,-73.2733,US
2200,NY,42.8004,-73.2898,US
2201,NY,42.746,-73.2664,US
2202,NY,42.463,-73.3708,US
2203,NY,42.084,-73.5095,US
2204,NY,42.0218,-73.4903,US
2205,NY,41.8808,-73.4999,US
2206,NY,41.2953,-73.5535,US
2207,NY,41.2128,-73.4834,US
2208,NY,41.1011,-73.7275,US
2209,NY,41.0237,-73.6644,US
2210,NY,40.9851,-73.6578,US
2211,NY,40.9509,-73.6132,US
2212,NY,41.1869,-72.4823,US
2213,NY,41.2551,-72.095,US
2214,NY,41.3005,-71.9714,US
2215,NY,41.3108,-71.9193,US
2216,NY,41.1838,-71.7915,US
2217,NY,41.1249,-71.7929,US
2218,NY,41.0462,-71.7517,US
2219,NY,40.6306,-72.9465,US
2220,NY,40.5368,-73.4628,US
2221,NY,40.4887,-73.8885,US
2222,NY,40.5232,-73.949,US
2223,NY,40.4772,-74.2271,US
2224,NY,40.4861,-74.2532,US
2225,NY,40.6468,-74.1866,US
2226,NY,40.6556,-74.0547,US
2227,NY,40.7618,-74.0156,US
2228,NY,40.8699,-73.9421,US
2229,NY,40.998,-73.8934,US
2230,NY,41.0343,-73.9854,US
2231,NY,41.3268,-74.6274,US
2232,NY,41.3583,-74.7084,US
2233,NY,41.3811,-74.7101,US
2234,NY,41.4386,-74.8265,US
2235,NY,41.5075,-74.9913,US
2236,NY,41.6,-75.0668,US
2237,NY,41.6719,-75.0366,US
2238,NY,41.7672,-75.0545,US
2239,NY,41.8808,-75.1945,US
2240,NY,42.0013,-75.3552,US
2241,NY,42.0003,-75.4266,US
2242,NY,42.0013,-77.0306,US
2243,NY,41.9993,-79.725,US
2244,NY,42.0003,-79.7621,US
2245,NY,42.1827,-79.7621,US
2246,NY,42.5146,-79.7621,US
2247,OH,38.4385,-82.3425,US
2248,OH,38.5707,-82.2917,US
2249,OH,38.5965,-82.1722,US
2250,OH,38.7712,-82.1997,US
2251,OH,39.0181,-82.0294,US
2252,OH,38.875,-81.8729,US
2253,OH,38.9359,-81.7644,US
2254,OH,39.1865,-81.7397,US
2255,OH,39.2812,-81.568,US
2256,OH,39.4022,-81.4444,US
2257,OH,39.346,-81.3661,US
2258,OH,39.4479,-81.1244,US
2259,OH,39.5549,-81.0352,US
2260,OH,39.6565,-80.8374,US
2261,OH,39.8676,-80.7948,US
2262,OH,40.5941,-80.652,US
2263,OH,40.6223,-80.5188,US
2264,OH,42.321,-80.5229,US
2265,OH,42.2153,-81.2521,US
2266,OH,41.9962,-81.6806,US
2267,OH,41.9962,-81.7094,US
2268,OH,41.677,-82.3961,US
2269,OH,41.6709,-82.6845,US
2270,OH,41.9585,-83.1157,US
2271,OH,41.7314,-83.4219,US
2272,OH,41.6944,-84.8021,US
2273,OH,39.1056,-84.8172,US
2274,OH,39.1407,-84.7444,US
2275,OH,39.096,-84.5068,US
2276,OH,39.0459,-84.4052,US
2277,OH,38.9434,-84.2857,US
2278,OH,38.8055,-84.2432,US
2279,OH,38.7712,-84.0866,US
2280,OH,38.7519,-83.8916,US
2281,OH,38.633,-83.6636,US
2282,OH,38.6962,-83.5263,US
2283,OH,38.5976,-83.2736,US
2284,OH,38.6169,-83.1445,US
2285,OH,38.7027,-83.0127,US
2286,OH,38.7327,-82.8973,US
2287,OH,38.5782,-82.8355,US
2288,OH,38.3761,-82.5952,US
2289,OK,37.0015,-103.0051,US
2290,OK,36.503,-103.0037,US
2291,OK,36.4986,-100.0003,US
2292,OK,34.562,-99.9934,US
2293,OK,34.3763,-99.6172,US
2294,OK,34.4137,-99.5787,US
2295,OK,34.3763,-99.429,US
2296,OK,34.4534,-99.3823,US
2297,OK,34.3616,-99.2505,US
2298,OK,34.2129,-99.1818,US
2299,OK,34.1982,-98.9648,US
2300,OK,34.1232,-98.7424,US
2301,OK,34.1254,-98.557,US
2302,OK,34.0618,-98.4746,US
2303,OK,34.1414,-98.3743,US
2304,OK,34.1118,-98.1793,US
2305,OK,34.006,-98.0818,US
2306,OK,33.8966,-97.9843,US
2307,OK,33.8487,-97.8662,US
2308,OK,33.9798,-97.6932,US
2309,OK,33.8841,-97.4529,US
2310,OK,33.8282,-97.4611,US
2311,OK,33.8237,-97.3622,US
2312,OK,33.9001,-97.2166,US
2313,OK,33.7426,-97.1645,US
2314,OK,33.7392,-97.093,US
2315,OK,33.9354,-96.9173,US
2316,OK,33.8704,-96.8527,US
2317,OK,33.8271,-96.7484,US
2318,OK,33.8202,-96.5602,US
2319,OK,33.7769,-96.5053,US
2320,OK,33.6912,-96.3474,US
2321,OK,33.8522,-96.0205,US
2322,OK,33.8396,-95.8379,US
2323,OK,33.8887,-95.7349,US
2324,OK,33.8841,-95.5426,US
2325,OK,33.8738,-95.2831,US
2326,OK,33.957,-95.2171,US
2327,OK,33.867,-95.0496,US
2328,OK,33.7677,-94.8862,US
2329,OK,33.6695,-94.6692,US
2330,OK,33.6386,-94.4852,US
2331,OK,35.3499,-94.4357,US
2332,OK,36.3715,-94.5978,US
2333,OK,36.4942,-94.6198,US
2334,OK,36.9982,-94.6211,US
2335,OK,37.0004,-103.0064,US
2336,OR,46.2587,-124.2444,US
2337,OR,46.2634,-124.0384,US
2338,OR,46.2891,-124.0205,US
2339,OR,46.2407,-123.9368,US
2340,OR,46.2388,-123.8681,US
2341,OR,46.2691,-123.739,US
2342,OR,46.252,-123.6868,US
2343,OR,46.2596,-123.6456,US
2344,OR,46.2577,-123.5468,US
2345,OR,46.2672,-123.4863,US
2346,OR,46.2369,-123.4287,US
2347,OR,46.1817,-123.4287,US
2348,OR,46.1513,-123.3765,US
2349,OR,46.1494,-123.3051,US
2350,OR,46.1874,-123.1512,US
2351,OR,46.138,-123.0222,US
2352,OR,46.098,-122.9398,US
2353,OR,46.0551,-122.8848,US
2354,OR,45.9588,-122.8189,US
2355,OR,45.9053,-122.8162,US
2356,OR,45.8824,-122.7887,US
2357,OR,45.8173,-122.7969,US
2358,OR,45.7637,-122.7585,US
2359,OR,45.6851,-122.775,US
2360,OR,45.6505,-122.753,US
2361,OR,45.6064,-122.5937,US
2362,OR,45.5679,-122.4426,US
2363,OR,45.5756,-122.3712,US
2364,OR,45.5506,-122.3245,US
2365,OR,45.5641,-122.2064,US
2366,OR,45.5987,-122.0856,US
2367,OR,45.6659,-121.8933,US
2368,OR,45.6812,-121.8906,US
2369,OR,45.7081,-121.8164,US
2370,OR,45.6966,-121.756,US
2371,OR,45.7254,-121.5335,US
2372,OR,45.6928,-121.3907,US
2373,OR,45.7081,-121.3646,US
2374,OR,45.6582,-121.2039,US
2375,OR,45.6083,-121.1957,US
2376,OR,45.6102,-121.1462,US
2377,OR,45.6524,-121.0803,US
2378,OR,45.6582,-121.0144,US
2379,OR,45.6467,-120.9814,US
2380,OR,45.6563,-120.943,US
2381,OR,45.6371,-120.91,US
2382,OR,45.6755,-120.8524,US
2383,OR,45.7445,-120.6052,US
2384,OR,45.7158,-120.531,US
2385,OR,45.6966,-120.4733,US
2386,OR,45.7234,-120.2893,US
2387,OR,45.7234,-120.2124,US
2388,OR,45.7714,-120.1575,US
2389,OR,45.8211,-119.968,US
2390,OR,45.8498,-119.7839,US
2391,OR,45.8575,-119.6658,US
2392,OR,45.9149,-119.6136,US
2393,OR,45.9244,-119.5724,US
2394,OR,45.911,-119.5258,US
2395,OR,45.9378,-119.2676,US
2396,OR,45.9168,-119.1687,US
2397,OR,45.9779,-119.0149,US
2398,OR,46.0027,-118.9847,US
2399,OR,45.997,-116.9165,US
2400,OR,45.9569,-116.8781,US
2401,OR,45.8957,-116.8588,US
2402,OR,45.8747,-116.8066,US
2403,OR,45.8307,-116.7902,US
2404,OR,45.8192,-116.7654,US
2405,OR,45.8231,-116.7105,US
2406,OR,45.7828,-116.6748,US
2407,OR,45.7828,-116.6144,US
2408,OR,45.7522,-116.543,US
2409,OR,45.6889,-116.5402,US
2410,OR,45.6121,-116.4606,US
2411,OR,45.5006,-116.5567,US
2412,OR,45.464,-116.5567,US
2413,OR,45.4447,-116.5869,US
2414,OR,45.3213,-116.6721,US
2415,OR,45.2633,-116.694,US
2416,OR,45.1414,-116.7325,US
2417,OR,45.1065,-116.7764,US
2418,OR,45.0696,-116.7847,US
2419,OR,45.0231,-116.8451,US
2420,OR,44.9765,-116.8616,US
2421,OR,44.9298,-116.8286,US
2422,OR,44.7955,-116.9302,US
2423,OR,44.7487,-117.0346,US
2424,OR,44.5787,-117.1225,US
2425,OR,44.5455,-117.1445,US
2426,OR,44.4847,-117.2076,US
2427,OR,44.4789,-117.2269,US
2428,OR,44.4063,-117.2269,US
2429,OR,44.3926,-117.2488,US
2430,OR,44.3455,-117.1939,US
2431,OR,44.2983,-117.2269,US
2432,OR,44.257,-117.1774,US
2433,OR,44.2609,-117.1445,US
2434,OR,44.2806,-117.1005,US
2435,OR,44.2314,-117.0511,US
2436,OR,44.2491,-117.0428,US
2437,OR,44.2432,-116.9797,US
2438,OR,44.194,-116.9742,US
2439,OR,44.1664,-116.8945,US
2440,OR,44.0935,-116.933,US
2441,OR,44.0836,-116.9714,US
2442,OR,44.0521,-116.9879,US
2443,OR,44.0244,-116.9302,US
2444,OR,43.9533,-116.9659,US
2445,OR,43.8207,-117.0209,US
2446,OR,43.6639,-117.0264,US
2447,OR,42.0024,-117.0264,US
2448,OR,41.9983,-121.2836,US
2449,OR,42.0085,-122.5003,US
2450,OR,42.0064,-123.0798,US
2451,OR,42.0105,-123.154,US
2452,OR,42.0044,-123.2419,US
2453,OR,42.0024,-123.6209,US
2454,OR,41.9952,-124.3982,US
2455,OR,42.1593,-124.5493,US
2456,OR,42.6521,-124.5877,US
2457,OR,42.8115,-124.7305,US
2458,OR,43.7552,-124.4119,US
2459,OR,46.0065,-124.2554,US
2460,OR,46.2587,-124.2444,US
2461,PA,42.3261,-80.5174,US
2462,PA,42.3961,-80.0821,US
2463,PA,42.5167,-79.7621,US
2464,PA,42.0003,-79.7607,US
2465,PA,41.9983,-75.358,US
2466,PA,41.9431,-75.2673,US
2467,PA,41.8696,-75.1794,US
2468,PA,41.7713,-75.0586,US
2469,PA,41.6729,-75.0366,US
2470,PA,41.6021,-75.0641,US
2471,PA,41.5086,-74.9927,US
2472,PA,41.4283,-74.7935,US
2473,PA,41.3933,-74.707,US
2474,PA,41.2282,-74.8608,US
2475,PA,40.983,-75.1355,US
2476,PA,40.8554,-75.049,US
2477,PA,40.6806,-75.1904,US
2478,PA,40.5639,-75.2124,US
2479,PA,40.5743,-75.1025,US
2480,PA,40.5013,-75.06,US
2481,PA,40.4208,-75.0655,US
2482,PA,40.4072,-74.9776,US
2483,PA,40.3392,-74.9432,US
2484,PA,40.2628,-74.8389,US
2485,PA,40.1495,-74.7221,US
2486,PA,39.9592,-75.0929,US
2487,PA,39.837,-75.2577,US
2488,PA,39.8128,-75.4321,US
2489,PA,39.8317,-75.6477,US
2490,PA,39.7199,-75.7892,US
2491,PA,39.722,-80.5243,US
2492,PA,42.324,-80.5202,US
2493,RI,41.3706,-71.0568,US
2494,RI,41.3706,-71.0541,US
2495,RI,41.6339,-71.1447,US
2496,RI,41.6791,-71.1942,US
2497,RI,41.7611,-71.2793,US
2498,RI,41.7775,-71.3315,US
2499,RI,41.7918,-71.3425,US
2500,RI,41.8225,-71.3507,US
2501,RI,41.8512,-71.337,US
2502,RI,41.888,-71.3397,US
2503,RI,41.9288,-71.3837,US
2504,RI,42.0156,-71.3795,US
2505,RI,42.0064,-71.7984,US
2506,RI,41.675,-71.7874,US
2507,RI,41.453,-71.7984,US
2508,RI,41.3943,-71.8492,US
2509,RI,41.3315,-71.852,US
2510,RI,41.3057,-71.9041,US
2511,RI,41.1849,-71.7915,US
2512,RI,41.2665,-71.4084,US
2513,SC,32.0488,-80.7001,US
2514,SC,32.0453,-80.8978,US
2515,SC,32.1105,-81.1134,US
2516,SC,32.2058,-81.1423,US
2517,SC,32.3846,-81.1821,US
2518,SC,32.4576,-81.1986,US
2519,SC,32.5283,-81.2769,US
2520,SC,32.5838,-81.4087,US
2521,SC,32.6926,-81.4183,US
2522,SC,32.8242,-81.4746,US
2523,SC,32.9465,-81.5117,US
2524,SC,33.0098,-81.5034,US
2525,SC,33.0777,-81.601,US
2526,SC,33.1238,-81.7122,US
2527,SC,33.2065,-81.8289,US
2528,SC,33.3443,-81.9319,US
2529,SC,33.483,-82.028,US
2530,SC,33.586,-82.1475,US
2531,SC,33.6878,-82.2437,US
2532,SC,33.7609,-82.2437,US
2533,SC,33.8305,-82.3576,US
2534,SC,33.9308,-82.5018,US
2535,SC,33.965,-82.5471,US
2536,SC,34.0947,-82.6625,US
2537,SC,34.1664,-82.7216,US
2538,SC,34.3434,-82.793,US
2539,SC,34.4647,-82.8905,US
2540,SC,34.476,-82.9893,US
2541,SC,34.5281,-83.0855,US
2542,SC,34.6581,-83.3121,US
2543,SC,34.7326,-83.3588,US
2544,SC,34.8318,-83.2983,US
2545,SC,34.9276,-83.1459,US
2546,SC,34.9996,-83.1047,US
2547,SC,35.0817,-82.7779,US
2548,SC,35.2075,-82.392,US
2549,SC,35.1974,-82.2203,US
2550,SC,35.148,-81.0379,US
2551,SC,35.0446,-81.0324,US
2552,SC,35.1019,-80.9322,US
2553,SC,34.9344,-80.7811,US
2554,SC,34.8194,-80.7948,US
2555,SC,34.8048,-79.6756,US
2556,SC,34.2016,-78.956,US
2557,SC,33.7951,-78.4836,US
2558,SC,33.6489,-78.7871,US
2559,SC,33.2019,-79.0837,US
2560,SC,32.7607,-79.4476,US
2561,SC,32.5225,-79.8116,US
2562,SC,32.3556,-80.1508,US
2563,SC,32.2012,-80.424,US
2564,SC,32.05,-80.7001,US
2565,SD,45.9435,-104.0501,US
2566,SD,43.0026,-104.0529,US
2567,SD,42.9946,-98.4993,US
2568,SD,42.9283,-98.4444,US
2569,SD,42.8438,-98.1958,US
2570,SD,42.7773,-98.0571,US
2571,SD,42.7631,-97.9761,US
2572,SD,42.8599,-97.8566,US
2573,SD,42.8518,-97.229,US
2574,SD,42.8075,-97.2057,US
2575,SD,42.7157,-96.8486,US
2576,SD,42.5237,-96.622,US
2577,SD,42.4772,-96.4806,US
2578,SD,42.7299,-96.6289,US
2579,SD,43.0046,-96.5039,US
2580,SD,43.1331,-96.438,US
2581,SD,43.2262,-96.5561,US
2582,SD,43.3841,-96.5259,US
2583,SD,43.4848,-96.6138,US
2584,SD,43.4998,-96.4558,US
2585,SD,45.2981,-96.4545,US
2586,SD,45.4601,-96.7429,US
2587,SD,45.616,-96.8472,US
2588,SD,45.8202,-96.5849,US
2589,SD,45.9311,-96.5643,US
2590,SD,45.9416,-104.0501,US
2591,TN,36.6739,-88.0678,US
2592,TN,36.6354,-87.8522,US
2593,TN,36.6023,-83.6787,US
2594,TN,36.5946,-81.9402,US
2595,TN,36.6144,-81.9209,US
2596,TN,36.6111,-81.6518,US
2597,TN,36.3295,-81.7163,US
2598,TN,36.3516,-81.7973,US
2599,TN,36.2974,-81.9072,US
2600,TN,36.1212,-82.0308,US
2601,TN,36.1024,-82.1255,US
2602,TN,36.1434,-82.1475,US
2603,TN,36.1323,-82.245,US
2604,TN,36.1168,-82.3521,US
2605,TN,36.0702,-82.4167,US
2606,TN,35.9669,-82.5389,US
2607,TN,35.9702,-82.6076,US
2608,TN,36.0602,-82.6378,US
2609,TN,35.9925,-82.7751,US
2610,TN,35.9169,-82.8177,US
2611,TN,35.8623,-82.9042,US
2612,TN,35.7755,-83.0017,US
2613,TN,35.7131,-83.2393,US
2614,TN,35.5635,-83.4961,US
2615,TN,35.5501,-83.6938,US
2616,TN,35.5233,-83.8284,US
2617,TN,35.5065,-83.8847,US
2618,TN,35.4014,-84.0248,US
2619,TN,35.2905,-84.0276,US
2620,TN,35.2322,-84.1113,US
2621,TN,35.2624,-84.2294,US
2622,TN,35.2198,-84.2926,US
2623,TN,34.9884,-84.3201,US
2624,TN,34.9996,-90.3131,US
2625,TN,35.1233,-90.2843,US
2626,TN,35.1379,-90.1758,US
2627,TN,35.1985,-90.1112,US
2628,TN,35.2849,-90.1524,US
2629,TN,35.4372,-90.1346,US
2630,TN,35.5568,-90.0192,US
2631,TN,35.7343,-89.9547,US
2632,TN,35.8579,-89.7638,US
2633,TN,35.918,-89.6635,US
2634,TN,35.9947,-89.713,US
2635,TN,36.0902,-89.6759,US
2636,TN,36.1279,-89.5894,US
2637,TN,36.1856,-89.6484,US
2638,TN,36.2343,-89.7006,US
2639,TN,36.2531,-89.5331,US
2640,TN,36.2996,-89.621,US
2641,TN,36.3494,-89.5784,US
2642,TN,36.3406,-89.518,US
2643,TN,36.4964,-89.5345,US
2644,TN,36.5107,-89.3051,US
2645,TN,36.4986,-88.1667,US
2646,TN,36.4997,-88.0692,US
2647,TN,36.6871,-88.0637,US
2648,TX,31.8659,-106.5715,US
2649,TX,31.7504,-106.5042,US
2650,TX,31.6242,-106.3092,US
2651,TX,31.4638,-106.2103,US
2652,TX,31.3912,-106.0181,US
2653,TX,31.1846,-105.7874,US
2654,TX,31.0012,-105.5663,US
2655,TX,30.8456,-105.4015,US
2656,TX,30.6462,-105.0032,US
2657,TX,30.3847,-104.8521,US
2658,TX,30.2591,-104.7437,US
2659,TX,30.0738,-104.6915,US
2660,TX,29.9169,-104.6777,US
2661,TX,29.7644,-104.5679,US
2662,TX,29.6475,-104.528,US
2663,TX,29.5603,-104.4044,US
2664,TX,29.4719,-104.2067,US
2665,TX,29.3834,-104.1559,US
2666,TX,29.2948,-103.9774,US
2667,TX,29.2804,-103.9128,US
2668,TX,29.2481,-103.8208,US
2669,TX,29.1378,-103.564,US
2670,TX,29.0682,-103.4692,US
2671,TX,29.0105,-103.3154,US
2672,TX,28.9601,-103.1616,US
2673,TX,29.0177,-103.0957,US
2674,TX,29.133,-103.0298,US
2675,TX,29.2157,-102.8677,US
2676,TX,29.2565,-102.8979,US
2677,TX,29.357,-102.8375,US
2678,TX,29.4898,-102.8004,US
2679,TX,29.6881,-102.7002,US
2680,TX,29.7691,-102.5134,US
2681,TX,29.7596,-102.3843,US
2682,TX,29.8788,-102.3047,US
2683,TX,29.7834,-102.1509,US
2684,TX,29.7572,-101.7004,US
2685,TX,29.7644,-101.4917,US
2686,TX,29.6308,-101.2939,US
2687,TX,29.5269,-101.2582,US
2688,TX,29.3642,-101.0056,US
2689,TX,29.3056,-100.9204,US
2690,TX,29.1642,-100.7707,US
2691,TX,29.0946,-100.7007,US
2692,TX,28.9012,-100.6306,US
2693,TX,28.6593,-100.4974,US
2694,TX,28.4675,-100.3601,US
2695,TX,28.2778,-100.2969,US
2696,TX,28.1882,-100.1733,US
2697,TX,28.0526,-100.0195,US
2698,TX,27.9435,-99.9344,US
2699,TX,27.7638,-99.8438,US
2700,TX,27.6641,-99.7119,US
2701,TX,27.4839,-99.4812,US
2702,TX,27.3059,-99.5375,US
2703,TX,27.1948,-99.429,US
2704,TX,27.0175,-99.4455,US
2705,TX,26.8829,-99.3164,US
2706,TX,26.6867,-99.2065,US
2707,TX,26.4116,-99.0967,US
2708,TX,26.3574,-98.8138,US
2709,TX,26.2257,-98.6668,US
2710,TX,26.2343,-98.5474,US
2711,TX,26.1357,-98.3276,US
2712,TX,26.0457,-98.1697,US
2713,TX,26.0518,-97.9143,US
2714,TX,26.005,-97.6643,US
2715,TX,25.8419,-97.402,US
2716,TX,25.9074,-97.3526,US
2717,TX,25.9679,-97.0148,US
2718,TX,26.1789,-97.0697,US
2719,TX,26.8253,-97.2249,US
2720,TX,27.423,-97.0752,US
2721,TX,28.0599,-96.6096,US
2722,TX,28.4228,-95.9285,US
2723,TX,28.7568,-95.3036,US
2724,TX,29.0742,-94.7296,US
2725,TX,29.381,-94.3355,US
2726,TX,29.6021,-93.8205,US
2727,TX,29.8013,-93.9317,US
2728,TX,29.9157,-93.8136,US
2729,TX,30.0489,-93.723,US
2730,TX,30.1214,-93.6996,US
2731,TX,30.2021,-93.7216,US
2732,TX,30.2792,-93.7038,US
2733,TX,30.3278,-93.7628,US
2734,TX,30.3835,-93.7587,US
2735,TX,30.438,-93.701,US
2736,TX,30.5079,-93.7024,US
2737,TX,30.5362,-93.7299,US
2738,TX,30.6296,-93.6694,US
2739,TX,30.7466,-93.609,US
2740,TX,30.8114,-93.5527,US
2741,TX,30.8834,-93.5747,US
2742,TX,30.9376,-93.5307,US
2743,TX,31.0318,-93.5074,US
2744,TX,31.0812,-93.5266,US
2745,TX,31.1787,-93.5335,US
2746,TX,31.167,-93.598,US
2747,TX,31.3055,-93.6832,US
2748,TX,31.383,-93.6708,US
2749,TX,31.4369,-93.6887,US
2750,TX,31.5107,-93.7202,US
2751,TX,31.582,-93.8315,US
2752,TX,31.644,-93.8123,US
2753,TX,31.7188,-93.8232,US
2754,TX,31.7936,-93.8342,US
2755,TX,31.8309,-93.8782,US
2756,TX,31.8869,-93.9221,US
2757,TX,31.9335,-93.9661,US
2758,TX,32.0081,-94.043,US
2759,TX,33.4681,-94.043,US
2760,TX,33.5414,-94.043,US
2761,TX,33.5689,-94.1528,US
2762,TX,33.5872,-94.1968,US
2763,TX,33.5872,-94.2627,US
2764,TX,33.5689,-94.3176,US
2765,TX,33.5597,-94.3945,US
2766,TX,33.578,-94.4275,US
2767,TX,33.6055,-94.4275,US
2768,TX,33.6421,-94.4495,US
2769,TX,33.6329,-94.4879,US
2770,TX,33.6421,-94.5236,US
2771,TX,33.6695,-94.6637,US
2772,TX,33.7061,-94.7461,US
2773,TX,33.7791,-94.8999,US
2774,TX,33.8818,-95.0757,US
2775,TX,33.9251,-95.1526,US
2776,TX,33.9604,-95.2254,US
2777,TX,33.875,-95.2858,US
2778,TX,33.8841,-95.5399,US
2779,TX,33.8887,-95.7568,US
2780,TX,33.8408,-95.842,US
2781,TX,33.8556,-96.0274,US
2782,TX,33.6901,-96.3528,US
2783,TX,33.8442,-96.6179,US
2784,TX,33.8898,-96.5836,US
2785,TX,33.8955,-96.6673,US
2786,TX,33.8179,-96.7538,US
2787,TX,33.8613,-96.8335,US
2788,TX,33.8613,-96.8774,US
2789,TX,33.9388,-96.9159,US
2790,TX,33.7392,-97.0917,US
2791,TX,33.7449,-97.1645,US
2792,TX,33.8978,-97.218,US
2793,TX,33.8225,-97.3746,US
2794,TX,33.8305,-97.4611,US
2795,TX,33.8761,-97.446,US
2796,TX,33.9798,-97.6945,US
2797,TX,33.8476,-97.8648,US
2798,TX,33.8978,-97.9651,US
2799,TX,34.0299,-98.0983,US
2800,TX,34.1141,-98.1752,US
2801,TX,34.1425,-98.3743,US
2802,TX,34.064,-98.4773,US
2803,TX,34.1209,-98.5529,US
2804,TX,34.1232,-98.752,US
2805,TX,34.2095,-98.9539,US
2806,TX,34.2073,-99.0637,US
2807,TX,34.2141,-99.1832,US
2808,TX,34.3593,-99.2505,US
2809,TX,34.4613,-99.3823,US
2810,TX,34.3774,-99.4318,US
2811,TX,34.416,-99.5718,US
2812,TX,34.3706,-99.6158,US
2813,TX,34.4726,-99.8094,US
2814,TX,34.5631,-99.9934,US
2815,TX,36.4975,-100.0017,US
2816,TX,36.5008,-103.0408,US
2817,TX,32.0011,-103.0655,US
2818,TX,32.0023,-106.6168,US
2819,UT,36.9982,-114.0491,US
2820,UT,37.0026,-109.0462,US
2821,UT,40.9986,-109.0503,US
2822,UT,41.0006,-111.0471,US
2823,UT,41.9993,-111.0498,US
2824,UT,41.9901,-114.0395,US
2825,UT,37.0015,-114.0504,US
2826,VA,36.6017,-83.6753,US
2827,VA,36.6519,-83.5613,US
2828,VA,36.6673,-83.4432,US
2829,VA,36.7108,-83.308,US
2830,VA,36.7389,-83.1974,US
2831,VA,36.7433,-83.1363,US
2832,VA,36.8032,-83.1047,US
2833,VA,36.8302,-83.1033,US
2834,VA,36.8544,-83.0704,US
2835,VA,36.8478,-83.0127,US
2836,VA,36.9839,-82.8534,US
2837,VA,37.0086,-82.7971,US
2838,VA,37.0442,-82.736,US
2839,VA,37.2664,-82.3494,US
2840,VA,37.3046,-82.3027,US
2841,VA,37.5054,-82.0136,US
2842,VA,37.538,-81.9681,US
2843,VA,37.5139,-81.9259,US
2844,VA,37.4889,-81.9707,US
2845,VA,37.4563,-81.98,US
2846,VA,37.4389,-81.9374,US
2847,VA,37.3592,-81.9319,US
2848,VA,37.3134,-81.8619,US
2849,VA,37.2872,-81.7987,US
2850,VA,37.2424,-81.7259,US
2851,VA,37.2008,-81.6792,US
2852,VA,37.2083,-81.5549,US
2853,VA,37.2588,-81.4988,US
2854,VA,37.2456,-81.4856,US
2855,VA,37.2742,-81.4367,US
2856,VA,37.3243,-81.3675,US
2857,VA,37.2653,-81.2741,US
2858,VA,37.2719,-81.156,US
2859,VA,37.3025,-80.9802,US
2860,VA,37.3396,-80.8566,US
2861,VA,37.3876,-80.8786,US
2862,VA,37.4247,-80.8511,US
2863,VA,37.3702,-80.7715,US
2864,VA,37.4749,-80.5518,US
2865,VA,37.4792,-80.5133,US
2866,VA,37.4247,-80.4803,US
2867,VA,37.5097,-80.3018,US
2868,VA,37.5359,-80.2798,US
2869,VA,37.538,-80.3293,US
2870,VA,37.6316,-80.2249,US
2871,VA,37.6903,-80.3018,US
2872,VA,37.7251,-80.2551,US
2873,VA,37.7707,-80.2551,US
2874,VA,37.8347,-80.1961,US
2875,VA,37.8749,-80.1508,US
2876,VA,38.0394,-79.9722,US
2877,VA,38.1302,-79.9448,US
2878,VA,38.1972,-79.9063,US
2879,VA,38.2684,-79.7882,US
2880,VA,38.3093,-79.8129,US
2881,VA,38.3589,-79.7662,US
2882,VA,38.3513,-79.7401,US
2883,VA,38.3869,-79.7333,US
2884,VA,38.4321,-79.6893,US
2885,VA,38.4987,-79.6948,US
2886,VA,38.5857,-79.6495,US
2887,VA,38.5492,-79.5328,US
2888,VA,38.4557,-79.4724,US
2889,VA,38.4149,-79.3103,US
2890,VA,38.5138,-79.2087,US
2891,VA,38.6576,-79.1016,US
2892,VA,38.6941,-79.0851,US
2893,VA,38.7112,-79.1016,US
2894,VA,38.7712,-79.0576,US
2895,VA,38.7926,-79.0604,US
2896,VA,38.7926,-79.0247,US
2897,VA,38.8504,-78.9944,US
2898,VA,38.7637,-78.8736,US
2899,VA,38.8857,-78.783,US
2900,VA,38.9327,-78.7198,US
2901,VA,38.9071,-78.7129,US
2902,VA,38.985,-78.6291,US
2903,VA,38.9658,-78.6044,US
2904,VA,39.017,-78.5522,US
2905,VA,39.0384,-78.577,US
2906,VA,39.0938,-78.5083,US
2907,VA,39.1492,-78.4314,US
2908,VA,39.1684,-78.4039,US
2909,VA,39.1939,-78.4314,US
2910,VA,39.347,-78.338,US
2911,VA,39.3853,-78.338,US
2912,VA,39.4659,-78.3469,US
2913,VA,39.2283,-77.9744,US
2914,VA,39.1338,-77.8302,US
2915,VA,39.313,-77.7355,US
2916,VA,39.3213,-77.709,US
2917,VA,39.3043,-77.6218,US
2918,VA,39.3067,-77.5686,US
2919,VA,39.2248,-77.4567,US
2920,VA,39.1543,-77.5226,US
2921,VA,39.1277,-77.5243,US
2922,VA,39.0914,-77.4687,US
2923,VA,39.072,-77.4485,US
2924,VA,39.0634,-77.3427,US
2925,VA,39.0456,-77.2936,US
2926,VA,39.0168,-77.2459,US
2927,VA,38.9829,-77.2445,US
2928,VA,38.968,-77.1834,US
2929,VA,38.925,-77.112,US
2930,VA,38.8798,-77.0464,US
2931,VA,38.7538,-77.0444,US
2932,VA,38.7142,-77.0409,US
2933,VA,38.6635,-77.1312,US
2934,VA,38.6319,-77.1285,US
2935,VA,38.5935,-77.2456,US
2936,VA,38.4547,-77.3094,US
2937,VA,38.3904,-77.3046,US
2938,VA,38.35,-77.2188,US
2939,VA,38.4041,-77.0622,US
2940,VA,38.4256,-77.0265,US
2941,VA,38.3039,-76.9826,US
2942,VA,38.2155,-76.8851,US
2943,VA,38.1745,-76.5926,US
2944,VA,37.9496,-76.2424,US
2945,VA,37.9561,-76.0501,US
2946,VA,37.9474,-75.9416,US
2947,VA,37.9085,-75.9512,US
2948,VA,37.9139,-75.8002,US
2949,VA,37.9539,-75.6931,US
2950,VA,37.9474,-75.6477,US
2951,VA,37.9962,-75.6258,US
2952,VA,38.0091,-75.4596,US
2953,VA,38.0373,-74.9707,US
2954,VA,37.3625,-75.5777,US
2955,VA,36.8994,-75.818,US
2956,VA,36.5516,-75.8043,US
2957,VA,36.5516,-76.1476,US
2958,VA,36.5516,-76.8617,US
2959,VA,36.5516,-76.918,US
2960,VA,36.5438,-76.918,US
2961,VA,36.5505,-77.1803,US
2962,VA,36.5449,-77.5278,US
2963,VA,36.5427,-80.273,US
2964,VA,36.5571,-80.5971,US
2965,VA,36.5626,-80.7248,US
2966,VA,36.5593,-80.8511,US
2967,VA,36.5681,-81.1066,US
2968,VA,36.5813,-81.4746,US
2969,VA,36.5802,-81.5007,US
2970,VA,36.5902,-81.6792,US
2971,VA,36.6122,-81.6476,US
2972,VA,36.6177,-81.9237,US
2973,VA,36.5935,-81.936,US
2974,VA,36.5957,-82.3961,US
2975,VA,36.5935,-82.9344,US
2976,VA,36.5957,-83.2654,US
2977,VA,36.6023,-83.6746,US
2978,VT,45.0104,-73.3427,US
2979,VT,45.0134,-73.1827,US
2980,VT,45.0153,-72.7432,US
2981,VT,45.0134,-72.61,US
2982,VT,45.0075,-72.5551,US
2983,VT,45.009,-72.4562,US
2984,VT,45.0037,-72.3113,US
2985,VT,45.0066,-72.0964,US
2986,VT,45.007,-71.9131,US
2987,VT,45.0138,-71.5636,US
2988,VT,45.0138,-71.5059,US
2989,VT,44.9748,-71.5294,US
2990,VT,44.9123,-71.4949,US
2991,VT,44.8296,-71.5567,US
2992,VT,44.7506,-71.6281,US
2993,VT,44.7077,-71.6061,US
2994,VT,44.6481,-71.5677,US
2995,VT,44.5817,-71.5388,US
2996,VT,44.5533,-71.6006,US
2997,VT,44.5308,-71.5746,US
2998,VT,44.4955,-71.5883,US
2999,VT,44.4504,-71.6556,US
3000,VT,44.4093,-71.7146,US
3001,VT,44.3975,-71.7957,US
3002,VT,44.3563,-71.8163,US
3003,VT,44.3327,-71.8698,US
3004,VT,44.3484,-71.9138,US
3005,VT,44.3386,-71.9865,US
3006,VT,44.3052,-72.0346,US
3007,VT,44.2432,-72.0428,US
3008,VT,44.193,-72.0662,US
3009,VT,44.1349,-72.036,US
3010,VT,44.0698,-72.058,US
3011,VT,44.0017,-72.1101,US
3012,VT,43.9671,-72.0937,US
3013,VT,43.9088,-72.1252,US
3014,VT,43.8682,-72.1733,US
3015,VT,43.7899,-72.1994,US
3016,VT,43.7899,-72.1994,US
3017,VT,43.7384,-72.2392,US
3018,VT,43.7056,-72.301,US
3019,VT,43.6391,-72.3271,US
3020,VT,43.5893,-72.3436,US
3021,VT,43.5814,-72.3793,US
3022,VT,43.5027,-72.3972,US
3023,VT,43.4988,-72.3807,US
3024,VT,43.415,-72.3999,US
3025,VT,43.3601,-72.4123,US
3026,VT,43.3591,-72.3903,US
3027,VT,43.3282,-72.4081,US
3028,VT,43.2762,-72.3999,US
3029,VT,43.2342,-72.437,US
3030,VT,43.1852,-72.4493,US
3031,VT,43.1311,-72.448,US
3032,VT,43.0679,-72.4507,US
3033,VT,43.0067,-72.4438,US
3034,VT,42.9846,-72.4699,US
3035,VT,42.9645,-72.5276,US
3036,VT,42.8951,-72.5331,US
3037,VT,42.8639,-72.5633,US
3038,VT,42.7863,-72.5098,US
3039,VT,42.7652,-72.5166,US
3040,VT,42.7541,-72.4741,US
3041,VT,42.7289,-72.459,US
3042,VT,42.7465,-73.2761,US
3043,VT,42.8025,-73.2912,US
3044,VT,42.8357,-73.285,US
3045,VT,43.0679,-73.2678,US
3046,VT,43.5022,-73.2472,US
3047,VT,43.5615,-73.2561,US
3048,VT,43.5774,-73.2939,US
3049,VT,43.6271,-73.3049,US
3050,VT,43.6271,-73.3557,US
3051,VT,43.5675,-73.3976,US
3052,VT,43.5883,-73.4326,US
3053,VT,43.6351,-73.4285,US
3054,VT,43.6684,-73.4079,US
3055,VT,43.7031,-73.3907,US
3056,VT,43.7701,-73.3516,US
3057,VT,43.8207,-73.3928,US
3058,VT,43.8533,-73.3832,US
3059,VT,43.9033,-73.3969,US
3060,VT,43.9365,-73.4086,US
3061,VT,43.9795,-73.4134,US
3062,VT,44.0427,-73.4381,US
3063,VT,44.1058,-73.4141,US
3064,VT,44.1921,-73.3928,US
3065,VT,44.2393,-73.3427,US
3066,VT,44.2467,-73.3186,US
3067,VT,44.3484,-73.3406,US
3068,VT,44.369,-73.3385,US
3069,VT,44.4328,-73.2946,US
3070,VT,44.5367,-73.3296,US
3071,VT,44.5919,-73.3832,US
3072,VT,44.6569,-73.377,US
3073,VT,44.7477,-73.3681,US
3074,VT,44.7857,-73.3317,US
3075,VT,44.8043,-73.3324,US
3076,VT,44.8398,-73.3818,US
3077,VT,44.904,-73.3564,US
3078,VT,44.9181,-73.3392,US
3079,VT,44.9643,-73.3372,US
3080,VT,44.9799,-73.3537,US
3081,VT,45.0046,-73.3447,US
3082,VT,45.0109,-73.3447,US
3083,VT,45.0104,-73.3426,US
3084,WA,49.0023,-123.3208,US
3085,WA,49.0027,-123.0338,US
3086,WA,49.0018,-122.065,US
3087,WA,48.9973,-121.7491,US
3088,WA,48.9991,-121.5912,US
3089,WA,49.0009,-119.6082,US
3090,WA,49.0005,-118.0378,US
3091,WA,48.9996,-117.0319,US
3092,WA,47.9614,-117.0415,US
3093,WA,46.506,-117.0394,US
3094,WA,46.4274,-117.0394,US
3095,WA,46.3498,-117.0621,US
3096,WA,46.3384,-117.0277,US
3097,WA,46.2848,-116.9879,US
3098,WA,46.2388,-116.9577,US
3099,WA,46.2022,-116.9659,US
3100,WA,46.1722,-116.9254,US
3101,WA,46.1432,-116.9357,US
3102,WA,46.1009,-116.9584,US
3103,WA,46.0785,-116.9762,US
3104,WA,46.0537,-116.9433,US
3105,WA,45.996,-116.9165,US
3106,WA,46.0008,-118.033,US
3107,WA,45.9998,-118.9867,US
3108,WA,45.932,-119.1302,US
3109,WA,45.9278,-119.1708,US
3110,WA,45.9402,-119.2559,US
3111,WA,45.9354,-119.3047,US
3112,WA,45.922,-119.3644,US
3113,WA,45.9172,-119.4386,US
3114,WA,45.9067,-119.4894,US
3115,WA,45.9249,-119.5724,US
3116,WA,45.9196,-119.6013,US
3117,WA,45.8565,-119.67,US
3118,WA,45.8479,-119.8052,US
3119,WA,45.8278,-119.9096,US
3120,WA,45.8245,-119.9652,US
3121,WA,45.7852,-120.071,US
3122,WA,45.7623,-120.1705,US
3123,WA,45.7258,-120.211,US
3124,WA,45.7057,-120.3628,US
3125,WA,45.6951,-120.4829,US
3126,WA,45.7469,-120.5942,US
3127,WA,45.746,-120.634,US
3128,WA,45.7143,-120.6924,US
3129,WA,45.6721,-120.8558,US
3130,WA,45.6409,-120.9142,US
3131,WA,45.6572,-120.9471,US
3132,WA,45.6419,-120.9787,US
3133,WA,45.6529,-121.0645,US
3134,WA,45.6078,-121.1469,US
3135,WA,45.6083,-121.1847,US
3136,WA,45.6721,-121.2177,US
3137,WA,45.7057,-121.3392,US
3138,WA,45.6932,-121.401,US
3139,WA,45.7263,-121.5328,US
3140,WA,45.7091,-121.6145,US
3141,WA,45.6947,-121.7361,US
3142,WA,45.7067,-121.8095,US
3143,WA,45.6452,-121.9338,US
3144,WA,45.6088,-122.0451,US
3145,WA,45.5833,-122.1089,US
3146,WA,45.5838,-122.1426,US
3147,WA,45.566,-122.2009,US
3148,WA,45.5439,-122.2641,US
3149,WA,45.5482,-122.3321,US
3150,WA,45.5756,-122.3795,US
3151,WA,45.5636,-122.4392,US
3152,WA,45.6006,-122.5676,US
3153,WA,45.6236,-122.6891,US
3154,WA,45.6582,-122.7647,US
3155,WA,45.6817,-122.775,US
3156,WA,45.7613,-122.7619,US
3157,WA,45.8106,-122.7962,US
3158,WA,45.8642,-122.7839,US
3159,WA,45.912,-122.8114,US
3160,WA,45.9612,-122.8148,US
3161,WA,46.016,-122.8587,US
3162,WA,46.0604,-122.8848,US
3163,WA,46.0832,-122.9034,US
3164,WA,46.1028,-122.9597,US
3165,WA,46.1556,-123.0579,US
3166,WA,46.1865,-123.121,US
3167,WA,46.1893,-123.1664,US
3168,WA,46.1446,-123.281,US
3169,WA,46.147,-123.3703,US
3170,WA,46.1822,-123.4314,US
3171,WA,46.2293,-123.4287,US
3172,WA,46.2691,-123.4946,US
3173,WA,46.2582,-123.5557,US
3174,WA,46.2573,-123.6209,US
3175,WA,46.2497,-123.6875,US
3176,WA,46.2691,-123.7404,US
3177,WA,46.235,-123.8729,US
3178,WA,46.2383,-123.9292,US
3179,WA,46.2677,-123.9711,US
3180,WA,46.2924,-124.0212,US
3181,WA,46.2653,-124.0329,US
3182,WA,46.2596,-124.2444,US
3183,WA,46.4312,-124.2691,US
3184,WA,46.8386,-124.3529,US
3185,WA,47.1832,-124.438,US
3186,WA,47.4689,-124.5616,US
3187,WA,47.8012,-124.7566,US
3188,WA,48.0423,-124.8679,US
3189,WA,48.2457,-124.8679,US
3190,WA,48.3727,-124.8486,US
3191,WA,48.4984,-124.7539,US
3192,WA,48.4096,-124.4174,US
3193,WA,48.3599,-124.2389,US
3194,WA,48.2964,-124.0116,US
3195,WA,48.2795,-123.9141,US
3196,WA,48.2247,-123.5413,US
3197,WA,48.2539,-123.3998,US
3198,WA,48.2841,-123.2501,US
3199,WA,48.4233,-123.1169,US
3200,WA,48.4533,-123.1609,US
3201,WA,48.5548,-123.222,US
3202,WA,48.5902,-123.2336,US
3203,WA,48.6901,-123.2721,US
3204,WA,48.7675,-123.0084,US
3205,WA,48.8313,-123.0084,US
3206,WA,49.0023,-123.3215,US
3207,WI,42.5116,-90.6303,US
3208,WI,42.4954,-87.0241,US
3209,WI,43.3721,-87.1477,US
3210,WI,43.6838,-87.123,US
3211,WI,44.1694,-86.9911,US
3212,WI,44.4828,-86.8579,US
3213,WI,44.8792,-86.6876,US
3214,WI,45.2343,-86.2523,US
3215,WI,45.4418,-86.7535,US
3216,WI,45.4438,-87.1024,US
3217,WI,45.3531,-87.1724,US
3218,WI,45.2401,-87.3193,US
3219,WI,45.1995,-87.41,US
3220,WI,45.0784,-87.4443,US
3221,WI,45.0987,-87.6379,US
3222,WI,45.2217,-87.6956,US
3223,WI,45.3367,-87.6462,US
3224,WI,45.3869,-87.6956,US
3225,WI,45.3425,-87.8549,US
3226,WI,45.4813,-87.7945,US
3227,WI,45.5679,-87.7945,US
3228,WI,45.6764,-87.7876,US
3229,WI,45.7934,-87.9936,US
3230,WI,45.8077,-88.1145,US
3231,WI,45.8728,-88.0733,US
3232,WI,45.9521,-88.1982,US
3233,WI,46.0122,-88.5498,US
3234,WI,45.997,-88.7036,US
3235,WI,46.038,-88.8451,US
3236,WI,46.1389,-89.0909,US
3237,WI,46.3412,-90.1195,US
3238,WI,46.5664,-90.4147,US
3239,WI,47.2876,-89.9615,US
3240,WI,47.31,-90.6578,US
3241,WI,46.7079,-92.0352,US
3242,WI,46.5928,-92.2948,US
3243,WI,46.0761,-92.2975,US
3244,WI,46.0132,-92.3579,US
3245,WI,45.9769,-92.5227,US
3246,WI,45.8135,-92.7466,US
3247,WI,45.614,-92.8564,US
3248,WI,45.5477,-92.7754,US
3249,WI,45.4293,-92.6587,US
3250,WI,45.3029,-92.7136,US
3251,WI,44.9648,-92.7466,US
3252,WI,44.7877,-92.7686,US
3253,WI,44.653,-92.6422,US
3254,WI,44.5504,-92.3552,US
3255,WI,44.4652,-92.2632,US
3256,WI,44.4024,-92.0654,US
3257,WI,44.258,-91.8745,US
3258,WI,44.06,-91.6383,US
3259,WI,43.9612,-91.4941,US
3260,WI,43.8296,-91.3184,US
3261,WI,43.644,-91.2524,US
3262,WI,43.5167,-91.2305,US
3263,WI,43.3342,-91.2085,US
3264,WI,43.2932,-91.0547,US
3265,WI,43.1651,-91.1865,US
3266,WI,43.0257,-91.1536,US
3267,WI,42.9082,-91.1426,US
3268,WI,42.7692,-91.0547,US
3269,WI,42.6915,-90.791,US
3270,WI,42.634,-90.7031,US
3271,WI,42.5096,-90.6303,US
3272,WV,39.7188,-79.4765,US
3273,WV,39.2057,-79.4806,US
3274,WV,39.4871,-79.0576,US
3275,WV,39.4394,-78.9725,US
3276,WV,39.6438,-78.7747,US
3277,WV,39.5369,-78.6703,US
3278,WV,39.521,-78.5742,US
3279,WV,39.521,-78.4644,US
3280,WV,39.6015,-78.4094,US
3281,WV,39.6395,-78.3517,US
3282,WV,39.6205,-78.2817,US
3283,WV,39.6839,-78.2405,US
3284,WV,39.6935,-78.1732,US
3285,WV,39.5972,-77.8835,US
3286,WV,39.4987,-77.7859,US
3287,WV,39.3279,-77.731,US
3288,WV,39.1279,-77.8271,US
3289,WV,39.4563,-78.3421,US
3290,WV,39.3407,-78.3408,US
3291,WV,39.1918,-78.4341,US
3292,WV,39.1652,-78.4053,US
3293,WV,39.0299,-78.5715,US
3294,WV,39.016,-78.5522,US
3295,WV,38.8846,-78.7843,US
3296,WV,38.7669,-78.8722,US
3297,WV,38.8451,-78.9917,US
3298,WV,38.7102,-79.0974,US
3299,WV,38.6555,-79.1029,US
3300,WV,38.4106,-79.3007,US
3301,WV,38.46,-79.4792,US
3302,WV,38.5342,-79.5314,US
3303,WV,38.5868,-79.6481,US
3304,WV,38.4869,-79.6962,US
3305,WV,38.4213,-79.6989,US
3306,WV,38.3557,-79.769,US
3307,WV,38.2813,-79.7937,US
3308,WV,38.1518,-79.9365,US
3309,WV,38.0232,-79.9818,US
3310,WV,37.8835,-80.137,US
3311,WV,37.7295,-80.2592,US
3312,WV,37.6795,-80.2881,US
3313,WV,37.6295,-80.2194,US
3314,WV,37.5391,-80.3224,US
3315,WV,37.5315,-80.2881,US
3316,WV,37.4988,-80.3032,US
3317,WV,37.4182,-80.4776,US
3318,WV,37.4814,-80.5119,US
3319,WV,37.3691,-80.7715,US
3320,WV,37.4214,-80.8635,US
3321,WV,37.3429,-80.8525,US
3322,WV,37.2872,-81.0516,US
3323,WV,37.2598,-81.2741,US
3324,WV,37.3254,-81.3675,US
3325,WV,37.2019,-81.5543,US
3326,WV,37.1953,-81.6724,US
3327,WV,37.2697,-81.7685,US
3328,WV,37.3003,-81.8701,US
3329,WV,37.3636,-81.9333,US
3330,WV,37.4574,-81.9772,US
3331,WV,37.4912,-82.0308,US
3332,WV,37.6142,-82.1558,US
3333,WV,37.8054,-82.3535,US
3334,WV,38.0481,-82.5513,US
3335,WV,38.1864,-82.6392,US
3336,WV,38.3761,-82.5966,US
3337,WV,38.4106,-82.4854,US
3338,WV,38.4407,-82.3412,US
3339,WV,38.589,-82.2876,US
3340,WV,38.5976,-82.1764,US
3341,WV,38.798,-82.2148,US
3342,WV,39.016,-82.028,US
3343,WV,38.9615,-81.9649,US
3344,WV,38.875,-81.8756,US
3345,WV,38.937,-81.7671,US
3346,WV,39.0117,-81.7657,US
3347,WV,39.08,-81.752,US
3348,WV,39.179,-81.7465,US
3349,WV,39.2642,-81.5872,US
3350,WV,39.3969,-81.4499,US
3351,WV,39.3481,-81.3675,US
3352,WV,39.4012,-81.237,US
3353,WV,39.4691,-81.1093,US
3354,WV,39.5644,-81.0104,US
3355,WV,39.612,-80.9198,US
3356,WV,39.6522,-80.8319,US
3357,WV,39.8054,-80.8072,US
3358,WV,39.8802,-80.7893,US
3359,WV,39.8518,-80.799,US
3360,WV,40.098,-80.7495,US
3361,WV,40.2282,-80.7262,US
3362,WV,40.3926,-80.6918,US
3363,WV,40.591,-80.6451,US
3364,WV,40.6338,-80.5188,US
3365,WV,39.7241,-80.5174,US
3366,WV,39.7209,-79.4778,US
3367,WY,41.0037,-104.0556,US
3368,WY,44.9949,-104.0584,US
3369,WY,44.9998,-111.0539,US
3370,WY,40.9986,-111.0457,US
3371,WY,41.0006,-104.0556,US
